filename,TopL_x,TopL_y,BottomR_x,BottomR_y,class
23.jpg,145,271,208,317,12OZ CAN DRY
23.jpg,141,240,205,285,12OZ CAN DRY
23.jpg,140,202,203,250,12OZ CAN DRY
23.jpg,136,164,201,211,12OZ CAN DRY
23.jpg,131,117,199,171,12OZ CAN DRY
23.jpg,247,258,296,299,12OZ DT 7UP
23.jpg,248,226,299,267,12OZ DT 7UP
23.jpg,246,191,300,234,12OZ DT 7UP
23.jpg,248,154,303,200,12OZ DT 7UP
23.jpg,248,114,306,162,12OZ DT 7UP
23.jpg,291,250,339,290,12OZ 7UP
23.jpg,295,220,342,261,12OZ 7UP
23.jpg,294,188,347,228,12OZ 7UP
23.jpg,297,151,353,196,12OZ 7UP
23.jpg,300,112,357,161,12OZ 7UP
93.jpg,288,150,314,191,2L 7UP
93.jpg,268,149,288,189,2L 7UP
93.jpg,249,149,268,187,2L 7UP
93.jpg,229,145,249,185,2L 7UP
93.jpg,287,200,311,235,2L 7UP
93.jpg,267,196,287,232,2L 7UP
93.jpg,248,196,267,230,2L 7UP
93.jpg,228,194,248,228,2L 7UP
93.jpg,285,241,306,279,2L 7UP
93.jpg,264,240,285,277,2L 7UP
93.jpg,245,239,264,271,2L 7UP
93.jpg,228,237,245,270,2L 7UP
93.jpg,282,290,304,320,2L 7UP
93.jpg,263,284,282,317,2L 7UP
93.jpg,246,280,263,311,2L 7UP
93.jpg,225,278,245,305,2L 7UP
110.jpg,370,34,399,66,12OZ 7UP
110.jpg,373,5,402,38,12OZ 7UP
110.jpg,349,2,378,35,12OZ 7UP
110.jpg,347,31,374,54,12OZ 7UP
197.jpg,295,91,472,167,12OZ DT 7UP
197.jpg,294,18,475,100,12OZ DT 7UP
197.jpg,139,27,298,105,12OZ DT 7UP
197.jpg,145,97,300,168,12OZ DT 7UP
197.jpg,4,33,146,106,12OZ 7UP
197.jpg,13,99,149,167,12OZ 7UP
280.jpg,326,73,381,166,2L CAN DRY
280.jpg,119,193,168,266,2L CAN DRY
280.jpg,169,194,218,263,2L CAN DRY
280.jpg,61,195,118,266,2L 7UP
280.jpg,220,193,269,262,2L 7UP
280.jpg,317,188,369,259,2L CAN DRY
280.jpg,179,283,222,338,2L 7UP
280.jpg,224,309,268,337,2L 7UP
280.jpg,225,348,266,401,2L 7UP
280.jpg,141,348,182,403,2L 7UP
393.jpg,355,343,405,370,12OZ 7UP
393.jpg,315,343,364,372,12OZ 7UP
393.jpg,362,320,414,348,12OZ 7UP
393.jpg,318,319,370,348,12OZ 7UP
393.jpg,370,293,423,322,12OZ 7UP
393.jpg,323,294,377,323,12OZ 7UP
393.jpg,375,267,432,297,12OZ 7UP
393.jpg,328,266,384,298,12OZ 7UP
393.jpg,285,237,438,271,12OZ 7UP
393.jpg,385,206,447,240,12OZ 7UP
393.jpg,336,204,396,241,12OZ 7UP
393.jpg,391,171,457,209,12OZ 7UP
393.jpg,341,169,405,208,12OZ 7UP
393.jpg,401,133,468,175,12OZ 7UP
393.jpg,347,131,415,174,12OZ 7UP
393.jpg,411,92,481,138,12OZ 7UP
393.jpg,355,90,425,136,12OZ 7UP
393.jpg,420,47,494,95,12OZ 7UP
393.jpg,362,43,435,96,12OZ 7UP
393.jpg,272,342,320,371,12OZ DT 7UP
393.jpg,273,318,324,347,12OZ DT 7UP
393.jpg,278,294,330,321,12OZ DT 7UP
393.jpg,280,265,333,296,12OZ DT 7UP
393.jpg,285,203,344,240,12OZ DT 7UP
393.jpg,288,167,350,207,12OZ DT 7UP
393.jpg,293,131,358,173,12OZ DT 7UP
393.jpg,298,90,364,137,12OZ DT 7UP
393.jpg,304,43,372,94,12OZ DT 7UP
400.jpg,164,195,205,245,12OZ DT 7UP
400.jpg,167,239,208,283,12OZ DT 7UP
400.jpg,129,197,171,245,12OZ DT 7UP
400.jpg,133,239,174,283,12OZ DT 7UP
400.jpg,156,110,201,167,12OZ DT 7UP
400.jpg,150,58,198,118,12OZ DT 7UP
400.jpg,110,60,156,119,12OZ DT 7UP
400.jpg,116,112,161,165,12OZ DT 7UP
400.jpg,98,239,142,282,12OZ 7UP
400.jpg,66,236,108,281,12OZ 7UP
400.jpg,62,193,101,241,12OZ 7UP
400.jpg,90,196,136,244,12OZ 7UP
400.jpg,80,113,125,168,12OZ 7UP
400.jpg,71,62,121,118,12OZ 7UP
400.jpg,35,63,82,121,12OZ 7UP
400.jpg,44,112,90,165,12OZ 7UP
434.jpg,72,123,106,194,2L 7UP
434.jpg,106,123,140,194,2L 7UP
434.jpg,140,125,173,194,2L 7UP
434.jpg,270,125,304,193,2L CAN DRY
434.jpg,151,394,190,424,12OZ 7UP
434.jpg,190,394,229,423,12OZ 7UP
434.jpg,149,424,190,450,12OZ 7UP
434.jpg,190,423,229,448,12OZ 7UP
434.jpg,189,448,230,476,12OZ 7UP
434.jpg,148,450,189,478,12OZ 7UP
434.jpg,347,393,387,422,12OZ CAN DRY
434.jpg,309,393,347,421,12OZ CAN DRY
434.jpg,347,422,386,448,12OZ CAN DRY
434.jpg,307,422,347,448,12OZ CAN DRY
434.jpg,350,448,388,475,12OZ CAN DRY
434.jpg,308,448,349,475,12OZ CAN DRY
434.jpg,190,474,232,500,12OZ 7UP
434.jpg,147,476,190,500,12OZ 7UP
434.jpg,107,476,149,500,12OZ 7UP
434.jpg,307,474,348,500,12OZ CAN DRY
434.jpg,347,474,388,500,12OZ CAN DRY
473.jpg,278,177,321,209,12OZ DT 7UP
473.jpg,277,209,319,238,12OZ DT 7UP
473.jpg,277,238,316,264,12OZ DT 7UP
473.jpg,275,264,315,290,12OZ DT 7UP
473.jpg,275,290,315,314,12OZ DT 7UP
473.jpg,273,314,312,338,12OZ DT 7UP
473.jpg,272,338,310,362,12OZ DT 7UP
473.jpg,272,362,309,384,12OZ DT 7UP
473.jpg,270,385,307,402,12OZ DT 7UP
473.jpg,321,178,365,209,12OZ 7UP
473.jpg,319,209,362,236,12OZ 7UP
473.jpg,317,237,358,263,12OZ 7UP
473.jpg,314,263,355,289,12OZ 7UP
473.jpg,315,289,353,314,12OZ 7UP
473.jpg,312,314,350,337,12OZ 7UP
473.jpg,311,337,348,361,12OZ 7UP
473.jpg,310,361,343,384,12OZ 7UP
473.jpg,307,384,343,402,12OZ 7UP
473.jpg,366,179,407,208,12OZ 7UP
473.jpg,363,209,401,237,12OZ 7UP
473.jpg,358,237,396,263,12OZ 7UP
473.jpg,356,264,394,290,12OZ 7UP
473.jpg,353,290,391,314,12OZ 7UP
473.jpg,350,314,388,337,12OZ 7UP
473.jpg,348,338,385,361,12OZ 7UP
473.jpg,343,361,382,383,12OZ 7UP
473.jpg,343,383,379,401,12OZ 7UP
490.jpg,279,9,323,101,2L DT 7UP
490.jpg,239,9,279,99,2L DT 7UP
490.jpg,196,9,239,98,2L DT 7UP
490.jpg,155,10,196,98,2L DT 7UP
490.jpg,114,10,158,97,2L 7UP
490.jpg,75,10,114,98,2L 7UP
490.jpg,30,11,74,97,2L 7UP
536.jpg,70,57,111,138,2L CAN DRY
536.jpg,111,57,147,137,2L 7UP
579.jpg,390,109,426,167,2L DT 7UP
579.jpg,401,312,446,374,2L 7UP
579.jpg,429,384,474,439,2L 7UP
579.jpg,389,381,428,443,2L 7UP
579.jpg,465,229,500,303,2L 7UP
612.jpg,158,146,193,208,2L CAN DRY
612.jpg,125,145,159,204,2L CAN DRY
612.jpg,94,144,124,202,2L CAN DRY
612.jpg,164,226,199,278,2L CAN DRY
612.jpg,135,223,164,274,2L CAN DRY
612.jpg,80,214,105,266,2L CAN DRY
612.jpg,171,294,202,341,2L CAN DRY
612.jpg,143,289,171,335,2L CAN DRY
612.jpg,89,279,116,322,2L CAN DRY
612.jpg,178,357,207,399,2L CAN DRY
612.jpg,125,341,152,386,2L CAN DRY
716.jpg,456,219,482,266,2L DT 7UP
716.jpg,470,276,496,317,2L DT 7UP
716.jpg,422,279,447,322,2L DT 7UP
716.jpg,462,326,486,364,2L DT 7UP
716.jpg,399,335,418,377,2L DT 7UP
786.jpg,99,106,127,169,2L 7UP
786.jpg,127,106,156,170,2L 7UP
786.jpg,156,107,186,171,2L 7UP
786.jpg,187,107,216,170,2L 7UP
786.jpg,216,107,243,171,2L 7UP
786.jpg,243,107,271,171,2L 7UP
786.jpg,272,107,298,170,2L 7UP
786.jpg,298,108,326,171,2L 7UP
786.jpg,326,109,355,171,2L 7UP
786.jpg,355,107,384,170,2L 7UP
786.jpg,384,108,412,171,2L 7UP
786.jpg,376,188,405,248,2L DT 7UP
786.jpg,349,187,376,247,2L DT 7UP
786.jpg,322,187,349,248,2L DT 7UP
786.jpg,295,187,322,247,2L DT 7UP
786.jpg,268,187,296,247,2L DT 7UP
786.jpg,241,187,268,247,2L DT 7UP
786.jpg,214,187,242,247,2L DT 7UP
786.jpg,188,186,215,247,2L DT 7UP
786.jpg,161,186,188,247,2L DT 7UP
786.jpg,134,186,161,247,2L DT 7UP
786.jpg,105,187,134,247,2L DT 7UP
804.jpg,298,350,327,375,12OZ 7UP
804.jpg,298,330,329,356,12OZ 7UP
804.jpg,299,310,330,336,12OZ 7UP
804.jpg,300,290,331,317,12OZ 7UP
804.jpg,302,271,333,297,12OZ 7UP
804.jpg,303,249,335,277,12OZ 7UP
804.jpg,304,228,337,252,12OZ 7UP
804.jpg,306,204,338,229,12OZ 7UP
804.jpg,308,180,341,207,12OZ 7UP
804.jpg,310,156,345,184,12OZ 7UP
807.jpg,324,444,365,474,12OZ 7UP
807.jpg,324,418,366,446,12OZ 7UP
807.jpg,326,392,369,422,12OZ 7UP
807.jpg,327,366,369,394,12OZ 7UP
807.jpg,323,318,366,347,12OZ 7UP
807.jpg,326,290,368,320,12OZ 7UP
807.jpg,329,185,375,219,12OZ 7UP
807.jpg,331,155,377,191,12OZ 7UP
807.jpg,332,112,379,147,12OZ 7UP
807.jpg,332,81,380,116,12OZ 7UP
807.jpg,338,32,386,69,12OZ 7UP
871.jpg,293,0,403,31,12OZ 7UP
871.jpg,291,29,402,64,12OZ 7UP
885.jpg,265,250,294,310,2L CAN DRY
885.jpg,237,250,265,310,2L CAN DRY
885.jpg,258,94,291,162,2L CAN DRY
885.jpg,228,94,258,163,2L CAN DRY
885.jpg,205,250,234,310,2L 7UP
885.jpg,175,251,205,311,2L 7UP
885.jpg,145,251,175,311,2L 7UP
885.jpg,204,173,230,236,2L 7UP
885.jpg,175,174,204,237,2L 7UP
885.jpg,144,174,175,238,2L 7UP
885.jpg,135,94,168,163,2L 7UP
885.jpg,168,93,199,163,2L 7UP
885.jpg,200,93,227,163,2L 7UP
941.jpg,135,269,161,334,2L 7UP
967.jpg,465,339,499,378,2L 7UP
1015.jpg,18,325,53,348,12OZ CAN DRY
1015.jpg,17,301,53,325,12OZ CAN DRY
1015.jpg,54,325,154,348,12OZ CAN DRY
1015.jpg,54,301,154,325,12OZ CAN DRY
1015.jpg,154,303,251,326,12OZ CAN DRY
1015.jpg,154,326,250,348,12OZ CAN DRY
1177.jpg,111,169,147,227,2L CAN DRY
1177.jpg,115,238,151,287,2L CAN DRY
1396.jpg,25,129,71,159,12OZ CAN DRY
1396.jpg,19,100,67,130,12OZ CAN DRY
1396.jpg,13,70,61,102,12OZ CAN DRY
1436.jpg,118,471,213,499,12OZ CAN DRY
1436.jpg,212,472,304,499,12OZ CAN DRY
1436.jpg,304,471,398,499,12OZ CAN DRY
1436.jpg,303,436,399,472,12OZ CAN DRY
1436.jpg,209,435,304,473,12OZ CAN DRY
1436.jpg,116,436,211,474,12OZ CAN DRY
1436.jpg,302,10,414,61,12OZ DT 7UP
1436.jpg,195,11,303,60,12OZ 7UP
1436.jpg,88,11,198,61,12OZ 7UP
1457.jpg,356,426,394,452,12OZ CAN DRY
1457.jpg,356,451,391,475,12OZ CAN DRY
1457.jpg,389,452,431,475,12OZ CAN DRY
1457.jpg,393,429,438,458,12OZ CAN DRY
1457.jpg,445,445,488,475,12OZ CAN DRY
1457.jpg,446,421,489,450,12OZ CAN DRY
1457.jpg,374,56,425,98,12OZ 7UP
1459.jpg,111,72,135,137,2L CAN DRY
1459.jpg,120,155,142,209,2L CAN DRY
1459.jpg,100,154,119,208,2L CAN DRY
1459.jpg,126,229,146,277,2L CAN DRY
1459.jpg,106,228,126,276,2L CAN DRY
1459.jpg,42,152,63,206,2L 7UP
1459.jpg,20,152,42,206,2L 7UP
1459.jpg,32,222,51,270,2L 7UP
1459.jpg,58,286,80,331,2L 7UP
1459.jpg,39,283,59,328,2L 7UP
1483.jpg,354,15,387,89,2L 7UP
1483.jpg,327,15,354,89,2L 7UP
1483.jpg,294,13,327,88,2L 7UP
1547.jpg,79,340,117,385,2L CAN DRY
1547.jpg,40,338,79,392,2L CAN DRY
1547.jpg,73,270,116,325,2L CAN DRY
1547.jpg,31,273,71,326,2L CAN DRY
1547.jpg,66,190,110,256,2L CAN DRY
1547.jpg,22,190,67,255,2L CAN DRY
1570.jpg,111,276,223,321,12OZ CAN DRY
1570.jpg,119,297,223,343,12OZ CAN DRY
1570.jpg,221,282,310,324,12OZ CAN DRY
1584.jpg,72,190,106,245,2L 7UP
1584.jpg,35,190,71,243,2L 7UP
1584.jpg,77,256,112,307,2L 7UP
1584.jpg,41,253,76,307,2L 7UP
1584.jpg,81,315,114,366,2L 7UP
1584.jpg,49,312,81,366,2L DT 7UP
1584.jpg,86,376,120,413,2L 7UP
1584.jpg,51,375,86,413,2L 7UP
1584.jpg,3,192,35,246,2L DT 7UP
1584.jpg,8,255,41,309,2L DT 7UP
1584.jpg,12,318,49,366,2L DT 7UP
1584.jpg,18,375,50,415,2L DT 7UP
1584.jpg,380,384,418,402,12OZ CAN DRY
1584.jpg,382,361,422,387,12OZ CAN DRY
1584.jpg,383,337,424,364,12OZ CAN DRY
1584.jpg,386,313,427,340,12OZ CAN DRY
1584.jpg,386,287,428,315,12OZ CAN DRY
1584.jpg,387,262,430,292,12OZ CAN DRY
1584.jpg,388,236,431,266,12OZ CAN DRY
1584.jpg,389,208,431,240,12OZ CAN DRY
1584.jpg,197,389,236,408,12OZ DT 7UP
1584.jpg,199,364,237,391,12OZ DT 7UP
1584.jpg,198,341,237,367,12OZ DT 7UP
1584.jpg,197,316,237,345,12OZ DT 7UP
1584.jpg,196,293,238,319,12OZ DT 7UP
1584.jpg,196,267,238,296,12OZ DT 7UP
1584.jpg,193,241,236,270,12OZ DT 7UP
1584.jpg,192,215,235,245,12OZ DT 7UP
1584.jpg,192,187,235,217,12OZ DT 7UP
1584.jpg,162,390,200,409,12OZ 7UP
1584.jpg,161,367,201,392,12OZ 7UP
1584.jpg,159,343,201,369,12OZ 7UP
1584.jpg,156,319,199,346,12OZ 7UP
1584.jpg,157,294,199,321,12OZ 7UP
1584.jpg,154,268,197,297,12OZ 7UP
1584.jpg,153,243,197,271,12OZ 7UP
1584.jpg,151,215,196,245,12OZ 7UP
1584.jpg,151,186,195,218,12OZ 7UP
1584.jpg,125,390,163,411,12OZ 7UP
1584.jpg,124,368,164,393,12OZ 7UP
1584.jpg,123,344,163,371,12OZ 7UP
1584.jpg,119,320,162,347,12OZ 7UP
1584.jpg,117,294,159,321,12OZ 7UP
1584.jpg,114,269,157,298,12OZ 7UP
1584.jpg,115,243,156,273,12OZ 7UP
1584.jpg,112,217,156,246,12OZ 7UP
1584.jpg,112,189,155,219,12OZ 7UP
1628.jpg,167,140,198,196,2L 7UP
1628.jpg,144,138,167,192,2L 7UP
1628.jpg,170,208,201,255,2L 7UP
1628.jpg,147,204,170,249,2L 7UP
1628.jpg,171,265,204,312,2L 7UP
1628.jpg,150,257,171,306,2L 7UP
1628.jpg,174,319,203,363,2L 7UP
1628.jpg,151,313,175,360,2L 7UP
1628.jpg,125,199,148,246,2L DT 7UP
1628.jpg,126,256,150,299,2L DT 7UP
1628.jpg,103,196,125,242,2L DT 7UP
1628.jpg,121,134,143,185,2L DT 7UP
1628.jpg,99,133,121,185,2L DT 7UP
1628.jpg,107,253,126,293,2L DT 7UP
1628.jpg,112,303,133,342,2L DT 7UP
1628.jpg,133,311,150,348,2L DT 7UP
1689.jpg,276,74,319,167,2L CAN DRY
1689.jpg,28,94,64,175,2L DT 7UP
1689.jpg,0,95,28,177,2L DT 7UP
1689.jpg,102,461,146,492,12OZ CAN DRY
1689.jpg,67,457,106,486,12OZ CAN DRY
1689.jpg,26,448,70,484,12OZ CAN DRY
1689.jpg,25,420,66,453,12OZ CAN DRY
1689.jpg,63,423,105,459,12OZ CAN DRY
1689.jpg,103,427,146,462,12OZ CAN DRY
1689.jpg,102,388,145,422,12OZ CAN DRY
1689.jpg,101,356,146,391,12OZ CAN DRY
1689.jpg,59,354,102,391,12OZ CAN DRY
1689.jpg,19,352,63,388,12OZ CAN DRY
1689.jpg,21,384,65,414,12OZ CAN DRY
1689.jpg,59,387,104,418,12OZ CAN DRY
1849.jpg,226,10,252,110,2L 7UP
1849.jpg,252,10,279,109,2L 7UP
1849.jpg,427,0,458,114,2L CAN DRY
1849.jpg,397,0,425,114,2L CAN DRY
1849.jpg,281,464,317,500,12OZ 7UP
1877.jpg,326,200,360,260,2L 7UP
1877.jpg,308,199,339,255,2L 7UP
1877.jpg,236,119,285,139,12OZ 7UP
1877.jpg,256,102,333,128,12OZ 7UP
1877.jpg,259,83,333,112,12OZ 7UP
1877.jpg,262,66,337,95,12OZ 7UP
1877.jpg,265,47,342,77,12OZ 7UP
1877.jpg,268,27,349,60,12OZ 7UP
1877.jpg,271,8,348,42,12OZ 7UP
1910.jpg,429,0,469,68,2L 7UP
1910.jpg,332,6,362,64,2L 7UP
1910.jpg,421,88,460,142,2L 7UP
1910.jpg,388,84,422,140,2L 7UP
1910.jpg,358,82,388,137,2L 7UP
1910.jpg,328,82,358,134,2L 7UP
1910.jpg,414,157,449,205,2L 7UP
1910.jpg,383,154,413,202,2L 7UP
1910.jpg,327,147,352,194,2L 7UP
1910.jpg,407,218,440,260,2L 7UP
1910.jpg,378,212,408,255,2L 7UP
1910.jpg,352,206,379,251,2L 7UP
1910.jpg,326,201,351,244,2L 7UP
1910.jpg,200,15,227,68,2L CAN DRY
1910.jpg,178,16,201,68,2L CAN DRY
1910.jpg,216,137,237,177,2L CAN DRY
1910.jpg,194,133,215,174,2L CAN DRY
1944.jpg,229,0,376,87,12OZ CAN DRY
1944.jpg,227,34,307,126,12OZ CAN DRY
1990.jpg,284,29,394,62,12OZ DT 7UP
1990.jpg,248,30,286,61,12OZ DT 7UP
2002.jpg,320,361,346,388,12OZ CAN DRY
2002.jpg,322,336,350,364,12OZ CAN DRY
2002.jpg,323,309,350,338,12OZ CAN DRY
2002.jpg,325,284,352,313,12OZ CAN DRY
2002.jpg,299,361,325,388,12OZ CAN DRY
2002.jpg,298,336,325,363,12OZ CAN DRY
2002.jpg,300,310,328,338,12OZ CAN DRY
2002.jpg,302,284,329,312,12OZ CAN DRY
2002.jpg,306,228,335,259,12OZ CAN DRY
2002.jpg,332,227,360,259,12OZ CAN DRY
2002.jpg,333,197,361,231,12OZ CAN DRY
2002.jpg,309,198,336,230,12OZ CAN DRY
2002.jpg,311,167,338,201,12OZ CAN DRY
2002.jpg,186,361,210,389,12OZ DT 7UP
2002.jpg,185,336,210,362,12OZ DT 7UP
2002.jpg,186,310,211,337,12OZ DT 7UP
2002.jpg,187,283,213,312,12OZ DT 7UP
2002.jpg,187,255,213,285,12OZ DT 7UP
2002.jpg,187,226,214,257,12OZ DT 7UP
2002.jpg,188,196,213,228,12OZ DT 7UP
2002.jpg,189,166,215,198,12OZ DT 7UP
2002.jpg,162,361,186,388,12OZ 7UP
2002.jpg,161,335,186,363,12OZ 7UP
2002.jpg,161,308,187,336,12OZ 7UP
2002.jpg,162,281,189,309,12OZ 7UP
2002.jpg,162,254,189,284,12OZ 7UP
2002.jpg,163,226,190,256,12OZ 7UP
2002.jpg,162,196,190,228,12OZ 7UP
2002.jpg,163,166,191,198,12OZ 7UP
2002.jpg,138,359,163,386,12OZ 7UP
2002.jpg,137,333,163,361,12OZ 7UP
2002.jpg,138,305,164,336,12OZ 7UP
2002.jpg,140,280,166,311,12OZ 7UP
2002.jpg,139,253,165,282,12OZ 7UP
2002.jpg,138,224,165,256,12OZ 7UP
2002.jpg,138,194,164,226,12OZ 7UP
2002.jpg,138,164,165,197,12OZ 7UP
2123.jpg,82,217,138,295,2L 7UP
2123.jpg,136,214,180,289,2L 7UP
2123.jpg,96,310,144,373,2L 7UP
2123.jpg,180,208,222,286,2L DT 7UP
2123.jpg,222,205,263,273,2L DT 7UP
2123.jpg,223,352,260,415,2L DT 7UP
2123.jpg,186,360,223,423,2L DT 7UP
2123.jpg,183,294,223,356,2L DT 7UP
2123.jpg,391,266,424,318,2L CAN DRY
2123.jpg,402,188,440,258,2L CAN DRY
2123.jpg,23,449,85,496,12OZ 7UP
2123.jpg,17,419,81,469,12OZ 7UP
2123.jpg,11,394,81,442,12OZ 7UP
2123.jpg,4,362,72,410,12OZ 7UP
2123.jpg,0,328,66,378,12OZ 7UP
2123.jpg,1,287,60,341,12OZ 7UP
2161.jpg,83,8,173,167,2L 7UP
2161.jpg,10,14,114,179,2L 7UP
2161.jpg,33,305,122,356,12OZ 7UP
2161.jpg,57,335,129,385,12OZ 7UP
2161.jpg,61,355,134,408,12OZ 7UP
2167.jpg,88,94,123,186,2L 7UP
2167.jpg,52,98,88,182,2L 7UP
2167.jpg,66,206,96,276,2L 7UP
2167.jpg,95,212,128,278,2L 7UP
2167.jpg,80,374,107,436,2L 7UP
2167.jpg,107,380,132,438,2L 7UP
2193.jpg,200,406,310,436,12OZ 7UP
2193.jpg,270,384,308,410,12OZ 7UP
2193.jpg,233,385,273,411,12OZ 7UP
2193.jpg,198,386,238,412,12OZ 7UP
2193.jpg,273,361,310,388,12OZ 7UP
2193.jpg,234,362,275,389,12OZ 7UP
2193.jpg,200,363,239,388,12OZ 7UP
2193.jpg,200,338,311,367,12OZ 7UP
2193.jpg,273,312,313,344,12OZ 7UP
2193.jpg,236,314,277,343,12OZ 7UP
2193.jpg,199,315,242,345,12OZ 7UP
2193.jpg,274,290,315,318,12OZ 7UP
2193.jpg,236,290,278,320,12OZ 7UP
2193.jpg,198,292,244,320,12OZ 7UP
2193.jpg,200,264,318,296,12OZ 7UP
2193.jpg,277,238,319,268,12OZ 7UP
2193.jpg,238,239,282,269,12OZ 7UP
2193.jpg,202,239,246,271,12OZ 7UP
2193.jpg,278,213,322,244,12OZ 7UP
2193.jpg,241,213,285,244,12OZ 7UP
2193.jpg,202,212,246,244,12OZ 7UP
2193.jpg,284,184,325,217,12OZ 7UP
2193.jpg,243,185,286,217,12OZ 7UP
2193.jpg,201,186,248,218,12OZ 7UP
2193.jpg,280,159,323,190,12OZ 7UP
2193.jpg,241,157,287,193,12OZ 7UP
2193.jpg,201,157,246,191,12OZ 7UP
2333.jpg,20,347,77,409,12OZ 7UP
2333.jpg,19,403,75,464,12OZ 7UP
2333.jpg,17,460,71,500,12OZ 7UP
2333.jpg,203,343,250,401,12OZ CAN DRY
2333.jpg,245,338,289,400,12OZ CAN DRY
2333.jpg,202,397,250,452,12OZ CAN DRY
2333.jpg,244,395,292,454,12OZ CAN DRY
2333.jpg,200,450,250,500,12OZ CAN DRY
2333.jpg,246,445,295,500,12OZ CAN DRY
2366.jpg,234,306,260,339,12OZ DT 7UP
2366.jpg,208,310,236,343,12OZ DT 7UP
2366.jpg,234,278,260,312,12OZ DT 7UP
2366.jpg,208,281,236,313,12OZ DT 7UP
2366.jpg,232,249,260,283,12OZ DT 7UP
2366.jpg,206,252,236,286,12OZ DT 7UP
2366.jpg,232,217,259,254,12OZ DT 7UP
2366.jpg,205,222,234,257,12OZ DT 7UP
2366.jpg,230,186,259,222,12OZ DT 7UP
2366.jpg,204,190,235,227,12OZ DT 7UP
2366.jpg,229,154,258,192,12OZ DT 7UP
2366.jpg,202,157,233,194,12OZ DT 7UP
2366.jpg,227,120,256,159,12OZ DT 7UP
2366.jpg,199,122,232,161,12OZ DT 7UP
2366.jpg,225,83,256,124,12OZ DT 7UP
2366.jpg,196,86,229,127,12OZ DT 7UP
2366.jpg,185,313,213,349,12OZ 7UP
2366.jpg,157,315,188,354,12OZ 7UP
2366.jpg,155,290,186,323,12OZ 7UP
2366.jpg,182,285,212,321,12OZ 7UP
2366.jpg,180,255,209,290,12OZ 7UP
2366.jpg,153,258,184,295,12OZ 7UP
2366.jpg,178,225,209,262,12OZ 7UP
2366.jpg,150,227,182,263,12OZ 7UP
2366.jpg,177,193,208,230,12OZ 7UP
2366.jpg,148,194,181,233,12OZ 7UP
2366.jpg,175,159,205,197,12OZ 7UP
2366.jpg,145,162,179,202,12OZ 7UP
2366.jpg,172,124,202,165,12OZ 7UP
2366.jpg,142,126,178,167,12OZ 7UP
2411.jpg,266,408,306,435,12OZ 7UP
2411.jpg,267,325,307,409,12OZ 7UP
2411.jpg,204,388,239,440,12OZ DT 7UP
2411.jpg,266,222,297,262,12OZ 7UP
2411.jpg,266,187,298,225,12OZ 7UP
2411.jpg,265,148,299,189,12OZ 7UP
2411.jpg,265,112,301,154,12OZ 7UP
2411.jpg,265,73,299,116,12OZ 7UP
2411.jpg,206,150,237,192,12OZ DT 7UP
2411.jpg,206,186,240,227,12OZ DT 7UP
2411.jpg,208,222,241,262,12OZ DT 7UP
2414.jpg,40,136,86,207,2L 7UP
2414.jpg,48,23,102,117,2L 7UP
2427.jpg,266,422,320,461,12OZ CAN DRY
2427.jpg,273,367,329,407,12OZ CAN DRY
2427.jpg,276,334,333,377,12OZ CAN DRY
2427.jpg,278,306,338,348,12OZ CAN DRY
2427.jpg,283,271,343,316,12OZ CAN DRY
2427.jpg,285,235,349,282,12OZ CAN DRY
2427.jpg,289,199,355,249,12OZ CAN DRY
2427.jpg,294,160,361,210,12OZ CAN DRY
2427.jpg,64,382,108,416,12OZ DT 7UP
2427.jpg,61,355,106,392,12OZ DT 7UP
2427.jpg,59,330,106,365,12OZ DT 7UP
2427.jpg,58,302,104,338,12OZ DT 7UP
2427.jpg,54,272,101,310,12OZ DT 7UP
2427.jpg,52,243,100,282,12OZ DT 7UP
2427.jpg,48,210,98,249,12OZ DT 7UP
2427.jpg,44,176,95,213,12OZ DT 7UP
2427.jpg,40,141,92,184,12OZ DT 7UP
2427.jpg,29,374,69,408,12OZ 7UP
2427.jpg,22,350,63,384,12OZ 7UP
2427.jpg,18,324,64,359,12OZ 7UP
2427.jpg,15,296,60,333,12OZ 7UP
2427.jpg,12,268,58,307,12OZ 7UP
2427.jpg,9,239,56,277,12OZ 7UP
2427.jpg,5,208,54,247,12OZ 7UP
2427.jpg,3,175,49,215,12OZ 7UP
2427.jpg,0,139,45,179,12OZ 7UP
2526.jpg,3,435,45,482,12OZ 7UP
2526.jpg,42,428,81,476,12OZ 7UP
2526.jpg,76,424,116,472,12OZ 7UP
2526.jpg,110,418,147,466,12OZ 7UP
2526.jpg,142,414,180,461,12OZ 7UP
2526.jpg,175,409,210,455,12OZ 7UP
2526.jpg,205,404,238,448,12OZ 7UP
2526.jpg,205,438,239,486,12OZ 7UP
2526.jpg,175,445,209,491,12OZ 7UP
2526.jpg,145,451,181,495,12OZ 7UP
2526.jpg,112,457,149,499,12OZ 7UP
2526.jpg,79,460,118,499,12OZ 7UP
2526.jpg,40,467,86,499,12OZ 7UP
2526.jpg,234,434,266,479,12OZ DT 7UP
2526.jpg,262,428,295,473,12OZ DT 7UP
2526.jpg,291,424,321,465,12OZ DT 7UP
2526.jpg,314,421,342,462,12OZ DT 7UP
2569.jpg,437,291,498,332,12OZ 7UP
2569.jpg,384,290,444,332,12OZ 7UP
2569.jpg,330,288,388,330,12OZ 7UP
2569.jpg,279,289,336,328,12OZ 7UP
2569.jpg,281,254,336,292,12OZ 7UP
2569.jpg,230,288,283,329,12OZ 7UP
2569.jpg,178,289,233,328,12OZ 7UP
2569.jpg,129,289,186,328,12OZ 7UP
2569.jpg,80,287,136,327,12OZ 7UP
2569.jpg,32,285,89,327,12OZ 7UP
2569.jpg,130,252,187,293,12OZ 7UP
2569.jpg,6,98,67,145,12OZ CAN DRY
2569.jpg,1,55,62,101,12OZ CAN DRY
2569.jpg,61,99,119,146,12OZ CAN DRY
2569.jpg,56,55,115,104,12OZ CAN DRY
2569.jpg,110,56,172,104,12OZ CAN DRY
2569.jpg,113,96,174,146,12OZ CAN DRY
2569.jpg,167,55,231,104,12OZ CAN DRY
2569.jpg,168,97,231,144,12OZ CAN DRY
2569.jpg,222,52,287,103,12OZ CAN DRY
2569.jpg,224,96,285,143,12OZ CAN DRY
2569.jpg,280,94,344,143,12OZ CAN DRY
2569.jpg,280,52,348,102,12OZ CAN DRY
2569.jpg,338,49,406,100,12OZ CAN DRY
2569.jpg,336,95,403,142,12OZ CAN DRY
2569.jpg,397,49,466,101,12OZ CAN DRY
2569.jpg,393,93,464,142,12OZ CAN DRY
2569.jpg,453,94,500,139,12OZ CAN DRY
2569.jpg,461,46,500,100,12OZ CAN DRY
2598.jpg,102,106,192,132,12OZ 7UP
2598.jpg,190,104,286,131,12OZ 7UP
2692.jpg,77,87,122,155,2L 7UP
2692.jpg,309,179,356,248,2L 7UP
2692.jpg,271,175,309,242,2L 7UP
2692.jpg,272,252,312,309,2L 7UP
2692.jpg,310,263,346,314,2L 7UP
2692.jpg,308,326,347,376,2L 7UP
2692.jpg,272,320,308,370,2L 7UP
2692.jpg,212,306,247,356,2L DT 7UP
2692.jpg,238,254,274,307,2L DT 7UP
2692.jpg,203,245,239,300,2L DT 7UP
2692.jpg,171,246,207,293,2L DT 7UP
2692.jpg,186,87,231,160,2L DT 7UP
2692.jpg,232,180,272,240,2L DT 7UP
2692.jpg,197,176,233,236,2L DT 7UP
2722.jpg,283,266,326,337,2L 7UP
2722.jpg,245,346,283,404,2L 7UP
2722.jpg,279,352,317,414,2L 7UP
2722.jpg,276,424,315,475,2L 7UP
2722.jpg,213,260,252,325,2L DT 7UP
2722.jpg,182,256,213,320,2L DT 7UP
2722.jpg,182,333,214,383,2L DT 7UP
2758.jpg,38,78,74,196,2L 7UP
2758.jpg,49,325,87,370,12OZ 7UP
2758.jpg,52,365,91,404,12OZ 7UP
2758.jpg,55,397,95,439,12OZ 7UP
2758.jpg,59,433,98,473,12OZ 7UP
2758.jpg,14,327,54,371,12OZ 7UP
2758.jpg,19,367,57,406,12OZ 7UP
2758.jpg,22,401,61,441,12OZ 7UP
2758.jpg,26,434,63,475,12OZ 7UP
2804.jpg,218,184,259,219,12OZ DT 7UP
2804.jpg,217,211,259,245,12OZ DT 7UP
2804.jpg,217,237,259,272,12OZ 7UP
2804.jpg,218,264,258,297,12OZ 7UP
2804.jpg,218,287,259,319,12OZ 7UP
2804.jpg,218,309,258,340,12OZ 7UP
2804.jpg,218,330,257,361,12OZ 7UP
2804.jpg,218,352,259,380,12OZ 7UP
2804.jpg,364,173,405,204,12OZ CAN DRY
2804.jpg,360,199,403,230,12OZ CAN DRY
2804.jpg,357,222,397,253,12OZ CAN DRY
2804.jpg,354,249,394,277,12OZ CAN DRY
2804.jpg,352,271,392,297,12OZ CAN DRY
2804.jpg,349,291,390,315,12OZ CAN DRY
2804.jpg,347,309,386,336,12OZ CAN DRY
2804.jpg,346,327,383,353,12OZ CAN DRY
2848.jpg,277,436,328,480,12OZ 7UP
2848.jpg,281,412,330,454,12OZ 7UP
2848.jpg,280,383,333,427,12OZ 7UP
2848.jpg,278,354,333,399,12OZ 7UP
2848.jpg,279,324,328,370,12OZ 7UP
2848.jpg,279,292,332,338,12OZ 7UP
2848.jpg,278,259,331,305,12OZ 7UP
2848.jpg,278,223,331,271,12OZ 7UP
2848.jpg,278,185,332,233,12OZ 7UP
2848.jpg,235,181,280,225,12OZ DT 7UP
2848.jpg,236,217,283,262,12OZ DT 7UP
2848.jpg,238,251,284,295,12OZ DT 7UP
2848.jpg,239,282,283,327,12OZ DT 7UP
2848.jpg,238,312,283,356,12OZ DT 7UP
2848.jpg,240,343,282,386,12OZ DT 7UP
2848.jpg,241,369,283,411,12OZ DT 7UP
2848.jpg,243,395,284,438,12OZ DT 7UP
2848.jpg,243,419,283,463,12OZ DT 7UP
2848.jpg,151,381,184,417,12OZ CAN DRY
2848.jpg,149,359,182,396,12OZ CAN DRY
2848.jpg,147,336,180,372,12OZ CAN DRY
2848.jpg,142,309,178,349,12OZ CAN DRY
2848.jpg,140,285,176,323,12OZ CAN DRY
2848.jpg,137,259,171,295,12OZ CAN DRY
2848.jpg,135,230,169,266,12OZ CAN DRY
2848.jpg,131,202,167,239,12OZ CAN DRY
2848.jpg,123,168,164,206,12OZ CAN DRY
2851.jpg,305,434,354,466,12OZ CAN DRY
2851.jpg,305,408,358,441,12OZ CAN DRY
2851.jpg,306,379,359,414,12OZ CAN DRY
2851.jpg,309,351,362,387,12OZ CAN DRY
2851.jpg,312,321,365,358,12OZ CAN DRY
2851.jpg,316,281,370,319,12OZ CAN DRY
2851.jpg,319,248,375,289,12OZ CAN DRY
2851.jpg,321,216,378,259,12OZ CAN DRY
2851.jpg,323,181,380,226,12OZ CAN DRY
2851.jpg,177,425,225,459,12OZ 7UP
2851.jpg,179,401,228,434,12OZ 7UP
2851.jpg,177,373,227,410,12OZ 7UP
2851.jpg,177,344,227,381,12OZ 7UP
2851.jpg,176,314,227,352,12OZ 7UP
2851.jpg,176,275,229,317,12OZ 7UP
2851.jpg,176,244,229,283,12OZ 7UP
2851.jpg,175,211,229,251,12OZ 7UP
2851.jpg,176,177,227,218,12OZ 7UP
2870.jpg,348,414,400,449,12OZ CAN DRY
2870.jpg,304,407,353,442,12OZ CAN DRY
2870.jpg,301,379,351,416,12OZ CAN DRY
2870.jpg,347,387,402,422,12OZ CAN DRY
2870.jpg,352,356,403,395,12OZ CAN DRY
2870.jpg,306,351,356,389,12OZ CAN DRY
2870.jpg,350,325,404,365,12OZ CAN DRY
2870.jpg,304,322,355,359,12OZ CAN DRY
2870.jpg,303,294,355,330,12OZ CAN DRY
2870.jpg,350,295,406,332,12OZ CAN DRY
2870.jpg,348,264,406,302,12OZ CAN DRY
2870.jpg,302,262,354,302,12OZ CAN DRY
2870.jpg,347,229,405,270,12OZ CAN DRY
2870.jpg,300,229,353,271,12OZ CAN DRY
2870.jpg,300,197,352,236,12OZ CAN DRY
2870.jpg,347,198,408,235,12OZ CAN DRY
2870.jpg,300,160,353,203,12OZ CAN DRY
2870.jpg,348,160,408,201,12OZ CAN DRY
2870.jpg,300,124,355,164,12OZ CAN DRY
2870.jpg,349,123,409,165,12OZ CAN DRY
2870.jpg,299,87,356,131,12OZ CAN DRY
2870.jpg,349,83,412,130,12OZ CAN DRY
2870.jpg,222,398,268,432,12OZ DT 7UP
2870.jpg,218,370,264,406,12OZ DT 7UP
2870.jpg,218,344,265,380,12OZ DT 7UP
2870.jpg,215,317,263,352,12OZ DT 7UP
2870.jpg,214,288,261,324,12OZ DT 7UP
2870.jpg,211,257,259,294,12OZ DT 7UP
2870.jpg,210,226,258,262,12OZ DT 7UP
2870.jpg,208,194,260,232,12OZ DT 7UP
2870.jpg,205,161,256,201,12OZ DT 7UP
2870.jpg,204,126,255,167,12OZ DT 7UP
2870.jpg,201,88,255,132,12OZ DT 7UP
2870.jpg,157,127,209,167,12OZ 7UP
2870.jpg,159,160,212,200,12OZ 7UP
2870.jpg,160,195,212,232,12OZ 7UP
2870.jpg,163,226,215,264,12OZ 7UP
2870.jpg,164,256,216,291,12OZ 7UP
2870.jpg,168,283,216,318,12OZ 7UP
2870.jpg,168,310,216,347,12OZ 7UP
2870.jpg,169,337,217,374,12OZ 7UP
2870.jpg,169,361,215,398,12OZ 7UP
2870.jpg,169,390,215,426,12OZ 7UP
2871.jpg,109,462,147,499,12OZ 7UP
2871.jpg,81,459,115,497,12OZ 7UP
2871.jpg,78,424,114,464,12OZ 7UP
2871.jpg,107,428,146,465,12OZ 7UP
2871.jpg,104,392,142,433,12OZ 7UP
2871.jpg,73,391,112,433,12OZ 7UP
2871.jpg,69,354,109,397,12OZ 7UP
2871.jpg,102,357,141,398,12OZ 7UP
2871.jpg,64,314,103,358,12OZ 7UP
2871.jpg,332,449,372,489,12OZ CAN DRY
2871.jpg,299,444,337,486,12OZ CAN DRY
2871.jpg,300,408,340,452,12OZ CAN DRY
2871.jpg,334,410,377,452,12OZ CAN DRY
2871.jpg,335,373,379,417,12OZ CAN DRY
2871.jpg,301,371,341,417,12OZ CAN DRY
2871.jpg,340,335,384,381,12OZ CAN DRY
2871.jpg,302,332,344,377,12OZ CAN DRY
2871.jpg,304,292,345,338,12OZ CAN DRY
2871.jpg,340,295,383,339,12OZ CAN DRY
2871.jpg,341,251,387,300,12OZ CAN DRY
2871.jpg,303,249,348,298,12OZ CAN DRY
2876.jpg,244,175,311,225,12OZ CAN DRY
2876.jpg,243,222,309,263,12OZ CAN DRY
2876.jpg,241,258,307,299,12OZ CAN DRY
2876.jpg,239,293,303,330,12OZ CAN DRY
2876.jpg,240,325,300,362,12OZ CAN DRY
2876.jpg,241,357,298,393,12OZ CAN DRY
2876.jpg,240,386,297,419,12OZ CAN DRY
2876.jpg,239,413,295,445,12OZ CAN DRY
2876.jpg,339,414,392,447,12OZ DT 7UP
2876.jpg,340,385,400,422,12OZ DT 7UP
2876.jpg,345,359,404,395,12OZ DT 7UP
2876.jpg,347,327,408,367,12OZ DT 7UP
2876.jpg,351,292,415,334,12OZ DT 7UP
2876.jpg,354,258,419,303,12OZ DT 7UP
2876.jpg,361,220,428,264,12OZ DT 7UP
2876.jpg,363,179,434,227,12OZ DT 7UP
2876.jpg,386,413,441,447,12OZ 7UP
2876.jpg,389,388,452,421,12OZ 7UP
2876.jpg,394,359,459,396,12OZ 7UP
2876.jpg,400,328,467,366,12OZ 7UP
2876.jpg,405,294,472,338,12OZ 7UP
2876.jpg,411,259,482,302,12OZ 7UP
2876.jpg,417,220,488,267,12OZ 7UP
2878.jpg,235,227,290,271,12OZ 7UP
2878.jpg,238,261,295,303,12OZ 7UP
2878.jpg,241,292,298,334,12OZ 7UP
2878.jpg,243,324,302,361,12OZ 7UP
2878.jpg,247,352,307,388,12OZ 7UP
2878.jpg,252,380,307,417,12OZ 7UP
2878.jpg,254,406,309,443,12OZ 7UP
2884.jpg,205,418,253,445,12OZ 7UP
2884.jpg,205,393,251,421,12OZ 7UP
2884.jpg,206,367,252,396,12OZ 7UP
2884.jpg,206,340,256,372,12OZ 7UP
2884.jpg,207,313,255,344,12OZ 7UP
2884.jpg,206,284,257,315,12OZ 7UP
2884.jpg,206,254,258,287,12OZ 7UP
2884.jpg,208,223,261,259,12OZ 7UP
2884.jpg,206,188,262,227,12OZ 7UP
2884.jpg,257,188,313,227,12OZ DT 7UP
2884.jpg,255,222,309,259,12OZ DT 7UP
2884.jpg,252,254,304,290,12OZ DT 7UP
2884.jpg,252,284,304,318,12OZ DT 7UP
2884.jpg,251,311,301,346,12OZ DT 7UP
2884.jpg,250,338,298,372,12OZ DT 7UP
2884.jpg,248,366,296,397,12OZ DT 7UP
2884.jpg,247,390,293,421,12OZ DT 7UP
2884.jpg,246,413,292,443,12OZ DT 7UP
2891.jpg,84,257,132,315,12OZ 7UP
2891.jpg,88,302,134,356,12OZ 7UP
2891.jpg,92,340,135,394,12OZ 7UP
2891.jpg,95,382,138,433,12OZ 7UP
2891.jpg,99,415,140,470,12OZ 7UP
2891.jpg,103,453,141,499,12OZ 7UP
2891.jpg,206,458,239,499,12OZ CAN DRY
2891.jpg,204,422,237,470,12OZ CAN DRY
2891.jpg,202,387,238,436,12OZ CAN DRY
2891.jpg,202,354,238,402,12OZ CAN DRY
2891.jpg,201,317,236,367,12OZ CAN DRY
2891.jpg,200,280,236,328,12OZ CAN DRY
2891.jpg,199,238,235,288,12OZ CAN DRY
2894.jpg,142,281,192,328,12OZ 7UP
2894.jpg,136,316,187,359,12OZ 7UP
2894.jpg,140,343,188,387,12OZ 7UP
2894.jpg,144,372,190,416,12OZ 7UP
2894.jpg,144,398,189,442,12OZ 7UP
2894.jpg,146,424,192,468,12OZ 7UP
2894.jpg,188,272,231,315,12OZ DT 7UP
2894.jpg,182,304,230,347,12OZ DT 7UP
2894.jpg,182,335,230,374,12OZ DT 7UP
2894.jpg,186,359,233,403,12OZ DT 7UP
2894.jpg,186,385,232,429,12OZ DT 7UP
2894.jpg,188,413,230,453,12OZ DT 7UP
2896.jpg,206,90,291,164,12OZ 7UP
2896.jpg,210,154,286,224,12OZ 7UP
2896.jpg,211,208,291,275,12OZ 7UP
2896.jpg,217,257,287,323,12OZ 7UP
2896.jpg,215,300,280,357,12OZ 7UP
2896.jpg,215,335,280,390,12OZ 7UP
2896.jpg,213,371,275,426,12OZ 7UP
2896.jpg,213,402,279,455,12OZ 7UP
2896.jpg,216,431,273,476,12OZ 7UP
2899.jpg,295,441,331,486,12OZ 7UP
2899.jpg,294,412,333,460,12OZ 7UP
2899.jpg,294,383,332,429,12OZ 7UP
2899.jpg,292,352,331,398,12OZ 7UP
2899.jpg,292,320,331,366,12OZ 7UP
2899.jpg,289,288,333,334,12OZ 7UP
2899.jpg,290,254,330,300,12OZ 7UP
2902.jpg,304,74,393,149,12OZ CAN DRY
2902.jpg,299,141,383,213,12OZ CAN DRY
2902.jpg,188,133,246,196,12OZ CAN DRY
2902.jpg,187,75,251,141,12OZ CAN DRY
2902.jpg,188,12,252,84,12OZ CAN DRY
2902.jpg,144,23,196,86,12OZ CAN DRY
2902.jpg,144,83,195,138,12OZ CAN DRY
2902.jpg,145,130,197,189,12OZ CAN DRY
2902.jpg,207,225,265,290,12OZ CAN DRY
2902.jpg,204,271,260,333,12OZ CAN DRY
2902.jpg,206,314,258,379,12OZ CAN DRY
2902.jpg,206,357,257,419,12OZ CAN DRY
2902.jpg,204,392,257,456,12OZ CAN DRY
2902.jpg,205,430,254,490,12OZ CAN DRY
2902.jpg,169,440,211,494,12OZ CAN DRY
2902.jpg,169,405,212,463,12OZ CAN DRY
2902.jpg,167,371,211,433,12OZ CAN DRY
2902.jpg,166,333,210,396,12OZ CAN DRY
2902.jpg,163,297,211,358,12OZ CAN DRY
2902.jpg,163,256,211,318,12OZ CAN DRY
2902.jpg,163,215,212,274,12OZ CAN DRY
2902.jpg,126,204,167,258,12OZ CAN DRY
2902.jpg,128,247,169,300,12OZ CAN DRY
2902.jpg,131,284,171,340,12OZ CAN DRY
2902.jpg,133,321,172,374,12OZ CAN DRY
2902.jpg,131,353,169,400,12OZ CAN DRY
2902.jpg,136,385,173,437,12OZ CAN DRY
2902.jpg,138,416,174,468,12OZ CAN DRY
2902.jpg,137,443,172,497,12OZ CAN DRY
2909.jpg,207,237,251,275,12OZ CAN DRY
2909.jpg,205,267,247,308,12OZ CAN DRY
2909.jpg,204,298,246,339,12OZ CAN DRY
2909.jpg,202,324,248,368,12OZ CAN DRY
2909.jpg,204,352,248,393,12OZ CAN DRY
2909.jpg,206,378,250,419,12OZ CAN DRY
2909.jpg,206,404,249,446,12OZ CAN DRY
2909.jpg,209,429,252,470,12OZ CAN DRY
2909.jpg,161,243,211,285,12OZ 7UP
2909.jpg,161,280,209,314,12OZ 7UP
2909.jpg,161,307,209,345,12OZ 7UP
2909.jpg,161,340,208,375,12OZ 7UP
2909.jpg,162,369,209,405,12OZ 7UP
2909.jpg,163,391,211,431,12OZ 7UP
2909.jpg,165,416,210,457,12OZ 7UP
2909.jpg,170,441,214,483,12OZ 7UP
2922.jpg,70,257,126,316,12OZ 7UP
2922.jpg,77,306,128,364,12OZ 7UP
2922.jpg,78,353,128,413,12OZ 7UP
2922.jpg,80,399,129,458,12OZ 7UP
2922.jpg,85,445,130,500,12OZ 7UP
2922.jpg,302,230,339,280,12OZ CAN DRY
2922.jpg,301,271,338,318,12OZ CAN DRY
2922.jpg,301,312,335,358,12OZ CAN DRY
2922.jpg,300,349,334,397,12OZ CAN DRY
2922.jpg,298,385,334,434,12OZ CAN DRY
2922.jpg,297,421,333,471,12OZ CAN DRY
2922.jpg,297,457,331,500,12OZ CAN DRY
2935.jpg,358,164,429,209,12OZ DT 7UP
2935.jpg,348,203,416,244,12OZ DT 7UP
2935.jpg,340,238,406,275,12OZ DT 7UP
2935.jpg,331,270,399,306,12OZ DT 7UP
2935.jpg,325,298,389,332,12OZ DT 7UP
2935.jpg,319,328,378,360,12OZ DT 7UP
2935.jpg,315,352,372,384,12OZ DT 7UP
2948.jpg,23,174,122,220,12OZ 7UP
2948.jpg,93,213,132,246,12OZ 7UP
2948.jpg,60,207,97,244,12OZ 7UP
2948.jpg,29,203,66,239,12OZ 7UP
2948.jpg,35,258,68,291,12OZ 7UP
2948.jpg,63,261,100,298,12OZ 7UP
2948.jpg,95,266,133,305,12OZ 7UP
2948.jpg,100,319,138,355,12OZ 7UP
2948.jpg,71,312,105,348,12OZ 7UP
2948.jpg,44,307,77,343,12OZ 7UP
2948.jpg,106,369,139,405,12OZ 7UP
2948.jpg,76,359,109,396,12OZ 7UP
2948.jpg,50,354,82,386,12OZ 7UP
2948.jpg,389,197,457,249,12OZ CAN DRY
2948.jpg,387,239,449,290,12OZ CAN DRY
2948.jpg,385,277,444,330,12OZ CAN DRY
2948.jpg,382,313,438,363,12OZ CAN DRY
2948.jpg,376,347,436,398,12OZ CAN DRY
2948.jpg,373,382,430,434,12OZ CAN DRY
2948.jpg,370,416,427,467,12OZ CAN DRY
2948.jpg,369,444,422,492,12OZ CAN DRY
2958.jpg,57,407,166,502,12OZ 7UP
2958.jpg,53,411,98,486,12OZ 7UP
2958.jpg,97,387,135,459,12OZ 7UP
2958.jpg,132,368,168,431,12OZ 7UP
2958.jpg,52,365,98,441,12OZ 7UP
2958.jpg,94,345,137,417,12OZ 7UP
2958.jpg,129,328,169,396,12OZ 7UP
2958.jpg,127,286,168,352,12OZ 7UP
2958.jpg,93,298,136,373,12OZ 7UP
2958.jpg,48,314,98,393,12OZ 7UP
2958.jpg,129,238,170,308,12OZ 7UP
2958.jpg,90,249,137,323,12OZ 7UP
2958.jpg,44,264,98,340,12OZ 7UP
2958.jpg,128,191,169,257,12OZ 7UP
2958.jpg,87,197,135,272,12OZ 7UP
2958.jpg,40,206,97,284,12OZ 7UP
2958.jpg,126,140,169,205,12OZ 7UP
2958.jpg,84,143,133,214,12OZ 7UP
2958.jpg,36,147,92,224,12OZ 7UP
2958.jpg,124,85,168,147,12OZ 7UP
2958.jpg,81,84,132,153,12OZ 7UP
2958.jpg,28,84,91,161,12OZ 7UP
2997.jpg,33,290,93,326,12OZ 7UP
2997.jpg,34,325,97,361,12OZ 7UP
2997.jpg,39,351,97,393,12OZ 7UP
2997.jpg,44,379,98,421,12OZ 7UP
2997.jpg,48,407,100,452,12OZ 7UP
2997.jpg,90,283,144,326,12OZ 7UP
2997.jpg,91,316,146,357,12OZ 7UP
2997.jpg,92,345,145,386,12OZ 7UP
2997.jpg,93,375,148,416,12OZ 7UP
2997.jpg,97,402,151,444,12OZ 7UP
2997.jpg,133,214,187,258,12OZ DT 7UP
2997.jpg,182,214,232,256,12OZ DT 7UP
2997.jpg,134,250,188,290,12OZ DT 7UP
2997.jpg,184,244,233,286,12OZ DT 7UP
2997.jpg,186,274,234,315,12OZ DT 7UP
2997.jpg,138,281,192,321,12OZ DT 7UP
2997.jpg,185,303,235,342,12OZ DT 7UP
2997.jpg,141,309,189,349,12OZ DT 7UP
2997.jpg,184,333,234,371,12OZ DT 7UP
2997.jpg,142,338,190,379,12OZ DT 7UP
2997.jpg,143,367,191,408,12OZ DT 7UP
2997.jpg,185,360,233,398,12OZ DT 7UP
2997.jpg,187,388,232,425,12OZ DT 7UP
2997.jpg,143,394,191,432,12OZ DT 7UP
2997.jpg,375,359,411,389,12OZ CAN DRY
2997.jpg,340,360,381,396,12OZ CAN DRY
2997.jpg,376,335,416,366,12OZ CAN DRY
2997.jpg,340,340,383,371,12OZ CAN DRY
2997.jpg,378,311,418,344,12OZ CAN DRY
2997.jpg,344,314,385,346,12OZ CAN DRY
2997.jpg,383,286,423,318,12OZ CAN DRY
2997.jpg,345,287,389,322,12OZ CAN DRY
2997.jpg,386,257,427,290,12OZ CAN DRY
2997.jpg,346,259,391,293,12OZ CAN DRY
2997.jpg,386,232,428,261,12OZ CAN DRY
2997.jpg,348,234,392,265,12OZ CAN DRY
2997.jpg,390,203,432,235,12OZ CAN DRY
2997.jpg,349,205,397,236,12OZ CAN DRY
3013.jpg,390,403,439,434,12OZ CAN DRY
3013.jpg,394,383,444,410,12OZ CAN DRY
3013.jpg,400,358,451,386,12OZ CAN DRY
3013.jpg,404,333,456,361,12OZ CAN DRY
3013.jpg,410,304,464,337,12OZ CAN DRY
3013.jpg,136,300,186,336,12OZ DT 7UP
3013.jpg,138,333,186,363,12OZ DT 7UP
3013.jpg,139,358,186,388,12OZ DT 7UP
3013.jpg,141,382,187,413,12OZ DT 7UP
3013.jpg,144,408,189,437,12OZ DT 7UP
3013.jpg,99,408,147,434,12OZ 7UP
3013.jpg,54,406,104,435,12OZ 7UP
3013.jpg,97,384,146,412,12OZ 7UP
3013.jpg,51,384,101,413,12OZ 7UP
3013.jpg,92,359,143,389,12OZ 7UP
3013.jpg,47,360,99,388,12OZ 7UP
3013.jpg,90,333,141,364,12OZ 7UP
3013.jpg,42,333,95,365,12OZ 7UP
3013.jpg,88,304,139,336,12OZ 7UP
3013.jpg,38,303,92,338,12OZ 7UP
3032.jpg,116,363,166,423,12OZ 7UP
3032.jpg,121,408,167,461,12OZ 7UP
3032.jpg,124,444,169,499,12OZ 7UP
3032.jpg,161,306,206,366,12OZ DT 7UP
3032.jpg,162,354,206,410,12OZ DT 7UP
3032.jpg,163,396,208,450,12OZ DT 7UP
3032.jpg,163,435,207,491,12OZ DT 7UP
3032.jpg,342,280,377,329,12OZ CAN DRY
3032.jpg,337,322,373,369,12OZ CAN DRY
3032.jpg,333,360,372,406,12OZ CAN DRY
3032.jpg,329,397,370,442,12OZ CAN DRY
3032.jpg,327,430,366,475,12OZ CAN DRY
3032.jpg,328,462,362,499,12OZ CAN DRY
3044.jpg,184,264,234,306,12OZ 7UP
3044.jpg,185,292,232,332,12OZ 7UP
3044.jpg,186,320,234,361,12OZ 7UP
3044.jpg,188,347,234,390,12OZ 7UP
3044.jpg,191,374,236,413,12OZ 7UP
3044.jpg,192,398,236,437,12OZ 7UP
3044.jpg,73,249,117,286,12OZ CAN DRY
3044.jpg,78,276,120,311,12OZ CAN DRY
3044.jpg,81,300,122,338,12OZ CAN DRY
3044.jpg,86,327,126,362,12OZ CAN DRY
3044.jpg,90,348,129,386,12OZ CAN DRY
3044.jpg,90,371,130,407,12OZ CAN DRY
3089.jpg,15,179,65,242,2L 7UP
3089.jpg,0,76,44,161,2L 7UP
3089.jpg,35,249,81,316,2L 7UP
3176.jpg,57,440,102,470,12OZ 7UP
3176.jpg,52,416,99,444,12OZ 7UP
3176.jpg,50,389,99,421,12OZ 7UP
3176.jpg,46,362,96,395,12OZ 7UP
3176.jpg,42,333,92,364,12OZ 7UP
3176.jpg,38,303,88,337,12OZ 7UP
3176.jpg,34,271,85,308,12OZ 7UP
3176.jpg,31,240,85,278,12OZ 7UP
3176.jpg,25,207,81,244,12OZ 7UP
3176.jpg,17,170,74,212,12OZ 7UP
3176.jpg,10,133,71,176,12OZ 7UP
3176.jpg,379,133,433,173,12OZ CAN DRY
3176.jpg,329,132,383,175,12OZ CAN DRY
3176.jpg,377,167,433,207,12OZ CAN DRY
3176.jpg,327,168,382,208,12OZ CAN DRY
3176.jpg,372,203,426,242,12OZ CAN DRY
3176.jpg,323,203,377,240,12OZ CAN DRY
3176.jpg,370,239,423,273,12OZ CAN DRY
3176.jpg,323,236,375,274,12OZ CAN DRY
3176.jpg,370,267,422,303,12OZ CAN DRY
3176.jpg,324,267,373,303,12OZ CAN DRY
3176.jpg,366,296,420,331,12OZ CAN DRY
3176.jpg,320,297,371,333,12OZ CAN DRY
3176.jpg,364,324,412,360,12OZ CAN DRY
3176.jpg,321,327,370,362,12OZ CAN DRY
3176.jpg,362,353,411,387,12OZ CAN DRY
3176.jpg,319,356,367,388,12OZ CAN DRY
3176.jpg,316,382,363,412,12OZ CAN DRY
3176.jpg,361,380,409,414,12OZ CAN DRY
3176.jpg,313,407,360,439,12OZ CAN DRY
3176.jpg,355,407,402,438,12OZ CAN DRY
3176.jpg,311,433,358,459,12OZ CAN DRY
3176.jpg,354,432,399,460,12OZ CAN DRY
3277.jpg,376,131,412,195,2L 7UP
3277.jpg,411,127,445,192,2L 7UP
3277.jpg,375,207,410,257,2L 7UP
3277.jpg,411,201,442,257,2L 7UP
3277.jpg,406,268,439,320,2L 7UP
3277.jpg,404,326,437,372,2L 7UP
3292.jpg,156,425,195,456,12OZ 7UP
3292.jpg,193,419,231,453,12OZ 7UP
3292.jpg,193,399,229,428,12OZ 7UP
3292.jpg,155,400,194,430,12OZ 7UP
3292.jpg,154,368,267,411,12OZ 7UP
3292.jpg,154,351,198,386,12OZ 7UP
3292.jpg,193,348,237,381,12OZ 7UP
3292.jpg,195,323,236,355,12OZ 7UP
3292.jpg,154,326,200,361,12OZ 7UP
3292.jpg,195,297,238,330,12OZ 7UP
3292.jpg,155,299,202,334,12OZ 7UP
3292.jpg,198,273,240,307,12OZ 7UP
3292.jpg,159,274,203,306,12OZ 7UP
3292.jpg,199,244,243,279,12OZ 7UP
3292.jpg,158,246,207,276,12OZ 7UP
3292.jpg,202,218,247,249,12OZ 7UP
3292.jpg,159,219,207,252,12OZ 7UP
3292.jpg,201,189,247,223,12OZ 7UP
3292.jpg,159,188,210,222,12OZ 7UP
3292.jpg,242,188,287,220,12OZ DT 7UP
3292.jpg,238,214,283,249,12OZ DT 7UP
3292.jpg,238,241,283,277,12OZ DT 7UP
3292.jpg,235,269,279,302,12OZ DT 7UP
3292.jpg,232,296,276,328,12OZ DT 7UP
3292.jpg,232,320,272,353,12OZ DT 7UP
3292.jpg,230,344,270,374,12OZ DT 7UP
3292.jpg,226,393,265,425,12OZ DT 7UP
3292.jpg,228,412,265,444,12OZ DT 7UP
3292.jpg,344,189,385,219,12OZ CAN DRY
3292.jpg,342,217,382,245,12OZ CAN DRY
3292.jpg,339,242,377,270,12OZ CAN DRY
3292.jpg,338,265,375,294,12OZ CAN DRY
3292.jpg,334,293,372,319,12OZ CAN DRY
3292.jpg,331,312,367,341,12OZ CAN DRY
3292.jpg,329,334,366,363,12OZ CAN DRY
3292.jpg,326,378,360,407,12OZ CAN DRY
3292.jpg,324,399,358,428,12OZ CAN DRY
3341.jpg,154,20,284,84,12OZ 7UP
3450.jpg,406,218,487,267,12OZ 7UP
3450.jpg,406,164,489,224,12OZ 7UP
3450.jpg,329,168,416,228,12OZ 7UP
3450.jpg,254,170,336,230,12OZ 7UP
3450.jpg,327,220,409,269,12OZ 7UP
3450.jpg,255,222,337,275,12OZ 7UP
3450.jpg,183,224,262,274,12OZ 7UP
3450.jpg,208,131,253,166,12OZ DT 7UP
3514.jpg,28,62,114,107,12OZ CAN DRY
3738.jpg,27,53,88,142,2L CAN DRY
3738.jpg,87,56,141,145,2L CAN DRY
3738.jpg,142,57,192,149,2L CAN DRY
3738.jpg,193,62,246,152,2L CAN DRY
3738.jpg,186,164,234,241,2L CAN DRY
3738.jpg,142,162,187,243,2L CAN DRY
3738.jpg,39,165,91,238,2L CAN DRY
3738.jpg,135,334,180,388,2L CAN DRY
3738.jpg,180,260,227,320,2L CAN DRY
3738.jpg,91,250,137,315,2L CAN DRY
3752.jpg,287,237,446,322,12OZ 7UP
3752.jpg,284,272,442,362,12OZ 7UP
3752.jpg,289,305,445,400,12OZ 7UP
3752.jpg,374,372,434,432,12OZ 7UP
3752.jpg,326,354,378,410,12OZ 7UP
3752.jpg,286,336,331,386,12OZ 7UP
3752.jpg,287,367,328,413,12OZ 7UP
3752.jpg,324,384,371,440,12OZ 7UP
3752.jpg,366,403,426,464,12OZ 7UP
3752.jpg,284,393,326,441,12OZ 7UP
3752.jpg,322,411,369,466,12OZ 7UP
3752.jpg,363,435,417,492,12OZ 7UP
3752.jpg,283,420,325,470,12OZ 7UP
3752.jpg,321,438,365,491,12OZ 7UP
3752.jpg,361,461,412,499,12OZ 7UP
3775.jpg,200,97,228,134,12OZ 7UP
3775.jpg,200,128,229,164,12OZ 7UP
3775.jpg,224,99,252,136,12OZ 7UP
3775.jpg,248,102,278,139,12OZ 7UP
3775.jpg,224,130,252,168,12OZ 7UP
3775.jpg,247,133,277,167,12OZ 7UP
3775.jpg,238,174,266,207,12OZ 7UP
3775.jpg,214,198,242,233,12OZ 7UP
3775.jpg,236,204,266,236,12OZ 7UP
3775.jpg,214,227,242,261,12OZ 7UP
3775.jpg,237,230,267,264,12OZ 7UP
3775.jpg,212,253,242,286,12OZ 7UP
3775.jpg,236,258,264,288,12OZ 7UP
3775.jpg,273,102,304,140,12OZ DT 7UP
3775.jpg,272,136,304,168,12OZ DT 7UP
3775.jpg,261,176,289,211,12OZ DT 7UP
3775.jpg,260,206,289,240,12OZ DT 7UP
3775.jpg,259,235,288,265,12OZ DT 7UP
3775.jpg,259,262,287,292,12OZ DT 7UP
3775.jpg,259,289,286,317,12OZ DT 7UP
3775.jpg,258,313,285,341,12OZ DT 7UP
3775.jpg,297,134,328,172,12OZ CAN DRY
3775.jpg,311,179,343,215,12OZ CAN DRY
3775.jpg,309,211,339,241,12OZ CAN DRY
3775.jpg,308,238,337,268,12OZ CAN DRY
3775.jpg,306,265,336,296,12OZ CAN DRY
3775.jpg,304,291,333,323,12OZ CAN DRY
3775.jpg,303,316,331,347,12OZ CAN DRY
3826.jpg,337,53,375,80,12OZ 7UP
3826.jpg,337,77,372,104,12OZ 7UP
3915.jpg,444,80,488,112,12OZ DT 7UP
3915.jpg,441,107,482,137,12OZ DT 7UP
4044.jpg,29,55,73,102,12OZ 7UP
4044.jpg,37,96,77,143,12OZ 7UP
4044.jpg,40,137,82,180,12OZ 7UP
4044.jpg,45,175,144,219,12OZ 7UP
4044.jpg,50,213,89,254,12OZ 7UP
4044.jpg,53,247,91,288,12OZ 7UP
4044.jpg,57,281,96,319,12OZ 7UP
4044.jpg,61,313,100,354,12OZ 7UP
4044.jpg,66,344,157,382,12OZ 7UP
4044.jpg,69,374,106,413,12OZ 7UP
4044.jpg,72,404,109,439,12OZ 7UP
4044.jpg,76,432,110,467,12OZ 7UP
4044.jpg,65,55,105,101,12OZ DT 7UP
4044.jpg,70,96,109,142,12OZ DT 7UP
4044.jpg,74,138,110,179,12OZ DT 7UP
4044.jpg,82,213,118,253,12OZ DT 7UP
4044.jpg,84,249,121,287,12OZ DT 7UP
4044.jpg,89,282,124,320,12OZ DT 7UP
4044.jpg,91,315,126,350,12OZ DT 7UP
4044.jpg,97,377,131,411,12OZ DT 7UP
4044.jpg,101,406,133,438,12OZ DT 7UP
4044.jpg,103,434,136,464,12OZ DT 7UP
4044.jpg,377,66,414,113,12OZ CAN DRY
4044.jpg,374,106,412,152,12OZ CAN DRY
4044.jpg,371,147,408,188,12OZ CAN DRY
4044.jpg,369,181,404,225,12OZ CAN DRY
4044.jpg,365,218,402,259,12OZ CAN DRY
4044.jpg,364,255,400,291,12OZ CAN DRY
4044.jpg,361,287,396,325,12OZ CAN DRY
4044.jpg,358,318,393,354,12OZ CAN DRY
4044.jpg,357,348,392,382,12OZ CAN DRY
4044.jpg,356,376,388,412,12OZ CAN DRY
4044.jpg,354,406,387,439,12OZ CAN DRY
4044.jpg,352,432,384,464,12OZ CAN DRY
4122.jpg,156,438,224,467,12OZ CAN DRY
4122.jpg,90,437,161,466,12OZ CAN DRY
4122.jpg,155,414,223,442,12OZ CAN DRY
4122.jpg,89,413,160,440,12OZ CAN DRY
4122.jpg,154,389,225,416,12OZ CAN DRY
4122.jpg,88,387,160,415,12OZ CAN DRY
4122.jpg,159,106,232,143,12OZ 7UP
4122.jpg,86,104,163,140,12OZ 7UP
4122.jpg,86,70,163,109,12OZ 7UP
4122.jpg,160,78,233,115,12OZ 7UP
4122.jpg,229,81,303,117,12OZ DT 7UP
4122.jpg,228,110,302,147,12OZ DT 7UP
4122.jpg,299,84,370,121,12OZ DT 7UP
4122.jpg,298,114,369,149,12OZ DT 7UP
4124.jpg,71,147,138,221,12OZ 7UP
4124.jpg,79,215,143,283,12OZ 7UP
4124.jpg,78,277,146,340,12OZ 7UP
4124.jpg,85,330,147,395,12OZ 7UP
4124.jpg,89,379,147,445,12OZ 7UP
4124.jpg,93,429,150,495,12OZ 7UP
4124.jpg,57,60,98,110,12OZ 7UP
4124.jpg,131,151,189,220,12OZ DT 7UP
4124.jpg,136,209,192,279,12OZ DT 7UP
4124.jpg,136,266,193,336,12OZ DT 7UP
4124.jpg,140,318,193,388,12OZ DT 7UP
4124.jpg,141,370,193,436,12OZ DT 7UP
4124.jpg,143,418,193,481,12OZ DT 7UP
4124.jpg,312,143,356,204,12OZ CAN DRY
4124.jpg,311,194,355,252,12OZ CAN DRY
4124.jpg,308,246,350,302,12OZ CAN DRY
4124.jpg,304,290,349,347,12OZ CAN DRY
4124.jpg,302,334,347,391,12OZ CAN DRY
4124.jpg,301,376,342,432,12OZ CAN DRY
4124.jpg,299,416,341,472,12OZ CAN DRY
4124.jpg,299,454,339,500,12OZ CAN DRY
4250.jpg,292,118,376,159,12OZ 7UP
4250.jpg,292,150,376,189,12OZ 7UP
4250.jpg,291,182,375,218,12OZ 7UP
4250.jpg,290,213,371,247,12OZ 7UP
4250.jpg,340,241,370,274,12OZ 7UP
4287.jpg,67,155,98,216,2L 7UP
4287.jpg,98,155,127,217,2L 7UP
4287.jpg,127,154,153,218,2L 7UP
4287.jpg,313,86,346,145,2L CAN DRY
4287.jpg,152,155,180,217,2L DT 7UP
4287.jpg,179,155,206,218,2L DT 7UP
4341.jpg,85,20,138,158,2L 7UP
4341.jpg,33,15,88,157,2L 7UP
4341.jpg,93,191,144,305,2L 7UP
4341.jpg,42,189,95,310,2L 7UP
4341.jpg,98,329,142,428,2L 7UP
4341.jpg,53,342,99,439,2L 7UP
4341.jpg,286,187,324,279,2L CAN DRY
4341.jpg,321,192,356,274,2L CAN DRY
4341.jpg,278,306,314,386,2L CAN DRY
4341.jpg,311,295,341,383,2L CAN DRY
4401.jpg,0,0,98,69,12OZ CAN DRY
4401.jpg,0,50,100,125,12OZ CAN DRY
4401.jpg,1,105,92,179,12OZ CAN DRY
4401.jpg,1,158,108,225,12OZ CAN DRY
4401.jpg,22,194,113,261,12OZ CAN DRY
4401.jpg,28,232,124,296,12OZ CAN DRY
4401.jpg,39,265,130,327,12OZ CAN DRY
4401.jpg,48,288,144,355,12OZ CAN DRY
4401.jpg,56,318,142,377,12OZ CAN DRY
4424.jpg,281,70,410,108,12OZ 7UP
4424.jpg,194,70,243,110,12OZ 7UP
4424.jpg,238,71,287,109,12OZ 7UP
4424.jpg,192,105,241,142,12OZ 7UP
4424.jpg,236,104,285,141,12OZ 7UP
4424.jpg,279,104,406,143,12OZ 7UP
4424.jpg,275,161,393,197,12OZ 7UP
4424.jpg,195,136,242,172,12OZ 7UP
4424.jpg,237,137,285,173,12OZ 7UP
4424.jpg,194,166,240,200,12OZ 7UP
4424.jpg,235,165,282,199,12OZ 7UP
4424.jpg,195,195,240,227,12OZ 7UP
4424.jpg,235,192,278,225,12OZ 7UP
4424.jpg,274,186,387,223,12OZ 7UP
4647.jpg,246,81,275,147,2L CAN DRY
4647.jpg,219,75,248,150,2L CAN DRY
4647.jpg,190,81,220,151,2L CAN DRY
4647.jpg,131,79,166,164,2L CAN DRY
4647.jpg,98,82,136,169,2L CAN DRY
4647.jpg,62,89,102,168,2L CAN DRY
4647.jpg,26,90,66,171,2L CAN DRY
4647.jpg,157,1,193,52,2L CAN DRY
4647.jpg,121,1,162,53,2L CAN DRY
4651.jpg,426,308,458,356,2L 7UP
4651.jpg,457,310,488,356,2L 7UP
4651.jpg,447,360,481,405,2L 7UP
4765.jpg,88,290,142,326,12OZ 7UP
4765.jpg,41,291,96,328,12OZ 7UP
4765.jpg,94,321,147,358,12OZ 7UP
4765.jpg,46,323,99,363,12OZ 7UP
4765.jpg,106,366,159,406,12OZ 7UP
4765.jpg,61,368,112,407,12OZ 7UP
4765.jpg,111,392,164,431,12OZ 7UP
4765.jpg,67,396,118,435,12OZ 7UP
4765.jpg,52,451,106,495,12OZ 7UP
4765.jpg,100,456,152,492,12OZ 7UP
4765.jpg,325,283,379,320,12OZ CAN DRY
4765.jpg,276,283,330,321,12OZ CAN DRY
4765.jpg,324,313,380,350,12OZ CAN DRY
4765.jpg,279,314,332,350,12OZ CAN DRY
4765.jpg,331,360,383,398,12OZ CAN DRY
4765.jpg,331,389,383,422,12OZ CAN DRY
4765.jpg,289,389,337,424,12OZ CAN DRY
4765.jpg,332,451,384,485,12OZ CAN DRY
4765.jpg,286,452,337,484,12OZ CAN DRY
4778.jpg,24,0,67,79,2L 7UP
4778.jpg,68,0,117,78,2L 7UP
4778.jpg,118,0,155,76,2L 7UP
4778.jpg,152,1,196,78,2L 7UP
4778.jpg,195,0,240,78,2L 7UP
4778.jpg,238,0,282,79,2L 7UP
4778.jpg,282,0,327,79,2L DT 7UP
4778.jpg,328,0,370,80,2L DT 7UP
4778.jpg,106,287,148,359,2L DT 7UP
4778.jpg,32,303,74,360,2L 7UP
4778.jpg,72,287,106,361,2L 7UP
4778.jpg,284,301,322,357,2L CAN DRY
4778.jpg,321,287,359,359,2L CAN DRY
4778.jpg,358,288,393,360,2L CAN DRY
4852.jpg,14,373,80,450,12OZ CAN DRY
4852.jpg,23,420,91,498,12OZ CAN DRY
5023.jpg,67,307,113,362,12OZ 7UP
5023.jpg,70,349,112,409,12OZ 7UP
5023.jpg,73,390,112,449,12OZ 7UP
5023.jpg,107,378,144,431,12OZ 7UP
5023.jpg,137,367,170,420,12OZ 7UP
5023.jpg,135,330,171,382,12OZ 7UP
5023.jpg,106,336,144,393,12OZ 7UP
5023.jpg,104,298,143,355,12OZ 7UP
5023.jpg,135,291,170,340,12OZ 7UP
5028.jpg,206,100,242,185,2L 7UP
5028.jpg,167,99,207,184,2L 7UP
5028.jpg,242,100,278,182,2L CAN DRY
5028.jpg,277,100,315,182,2L CAN DRY
5035.jpg,313,83,348,135,12OZ 7UP
5035.jpg,342,92,381,143,12OZ 7UP
5073.jpg,361,424,409,491,2L 7UP
5073.jpg,395,442,450,498,2L 7UP
5079.jpg,121,103,183,228,2L CAN DRY
5231.jpg,390,66,500,120,12OZ 7UP
5231.jpg,396,28,499,82,12OZ 7UP
5231.jpg,401,0,445,34,12OZ 7UP
5306.jpg,228,462,274,495,12OZ 7UP
5306.jpg,227,434,273,470,12OZ 7UP
5306.jpg,223,409,274,441,12OZ 7UP
5306.jpg,220,379,270,416,12OZ 7UP
5306.jpg,218,349,271,387,12OZ 7UP
5306.jpg,217,318,270,355,12OZ 7UP
5306.jpg,216,286,268,323,12OZ 7UP
5306.jpg,217,254,269,291,12OZ 7UP
5306.jpg,214,218,269,258,12OZ 7UP
5306.jpg,184,458,230,490,12OZ 7UP
5306.jpg,181,432,230,466,12OZ 7UP
5306.jpg,180,404,228,438,12OZ 7UP
5306.jpg,178,374,227,411,12OZ 7UP
5306.jpg,170,346,222,383,12OZ 7UP
5306.jpg,169,316,220,351,12OZ 7UP
5306.jpg,169,284,220,324,12OZ 7UP
5306.jpg,168,253,221,292,12OZ 7UP
5306.jpg,143,454,189,486,12OZ CAN DRY
5306.jpg,140,429,188,457,12OZ CAN DRY
5306.jpg,136,400,188,435,12OZ CAN DRY
5306.jpg,132,372,184,408,12OZ CAN DRY
5306.jpg,127,344,178,379,12OZ CAN DRY
5306.jpg,124,314,175,350,12OZ CAN DRY
5306.jpg,122,283,175,320,12OZ CAN DRY
5306.jpg,121,250,174,291,12OZ CAN DRY
5306.jpg,121,218,176,255,12OZ CAN DRY
5306.jpg,104,451,150,481,12OZ CAN DRY
5306.jpg,98,426,145,455,12OZ CAN DRY
5306.jpg,96,401,143,433,12OZ CAN DRY
5306.jpg,92,370,140,406,12OZ CAN DRY
5306.jpg,84,340,134,377,12OZ CAN DRY
5306.jpg,83,312,133,346,12OZ CAN DRY
5306.jpg,80,281,126,315,12OZ CAN DRY
5306.jpg,76,248,129,286,12OZ CAN DRY
5306.jpg,74,218,127,258,12OZ CAN DRY
5324.jpg,216,51,261,146,2L 7UP
5324.jpg,265,48,310,144,2L 7UP
5324.jpg,398,40,452,144,2L DT 7UP
5324.jpg,226,239,274,273,12OZ 7UP
5324.jpg,188,265,232,299,12OZ 7UP
5324.jpg,188,295,235,327,12OZ 7UP
5324.jpg,232,296,277,330,12OZ 7UP
5324.jpg,229,266,276,301,12OZ 7UP
5324.jpg,271,268,321,301,12OZ 7UP
5324.jpg,271,297,320,330,12OZ 7UP
5324.jpg,314,270,365,307,12OZ DT 7UP
5324.jpg,314,298,364,331,12OZ DT 7UP
5324.jpg,358,300,408,333,12OZ DT 7UP
5324.jpg,360,269,411,306,12OZ DT 7UP
5324.jpg,361,238,413,275,12OZ DT 7UP
5449.jpg,236,274,281,315,12OZ 7UP
5449.jpg,235,306,279,348,12OZ 7UP
5449.jpg,234,334,278,376,12OZ 7UP
5449.jpg,233,362,275,405,12OZ 7UP
5449.jpg,231,391,274,432,12OZ 7UP
5449.jpg,231,418,270,459,12OZ 7UP
5449.jpg,278,267,319,307,12OZ CAN DRY
5449.jpg,275,299,316,339,12OZ CAN DRY
5449.jpg,272,327,314,367,12OZ CAN DRY
5449.jpg,270,354,312,394,12OZ CAN DRY
5449.jpg,268,381,309,421,12OZ CAN DRY
5449.jpg,268,407,307,446,12OZ CAN DRY
5449.jpg,315,189,357,227,12OZ DT 7UP
5449.jpg,312,221,354,260,12OZ DT 7UP
5500.jpg,124,0,148,45,2L 7UP
5500.jpg,144,0,166,44,2L 7UP
5500.jpg,164,0,187,44,2L 7UP
5500.jpg,186,0,207,43,2L 7UP
5500.jpg,207,0,231,41,2L DT 7UP
5500.jpg,230,0,254,39,2L DT 7UP
5500.jpg,107,218,176,248,12OZ CAN DRY
5500.jpg,106,193,173,223,12OZ CAN DRY
5500.jpg,115,282,179,313,12OZ 7UP
5500.jpg,117,310,180,340,12OZ 7UP
5500.jpg,118,336,180,363,12OZ 7UP
5500.jpg,118,359,180,386,12OZ 7UP
5500.jpg,181,275,243,305,12OZ DT 7UP
5500.jpg,177,306,242,338,12OZ DT 7UP
5500.jpg,178,333,241,362,12OZ DT 7UP
5500.jpg,178,358,242,387,12OZ DT 7UP
5537.jpg,148,84,176,128,12OZ CAN DRY
5537.jpg,128,83,153,127,12OZ CAN DRY
5537.jpg,151,124,181,165,12OZ CAN DRY
5537.jpg,130,120,158,164,12OZ CAN DRY
5537.jpg,154,161,182,201,12OZ CAN DRY
5537.jpg,131,157,161,199,12OZ CAN DRY
5537.jpg,135,191,162,232,12OZ CAN DRY
5537.jpg,157,195,186,236,12OZ CAN DRY
5537.jpg,160,229,189,269,12OZ CAN DRY
5537.jpg,138,220,165,263,12OZ CAN DRY
5537.jpg,141,254,167,294,12OZ CAN DRY
5537.jpg,161,260,190,301,12OZ CAN DRY
5537.jpg,162,291,188,332,12OZ CAN DRY
5537.jpg,142,283,169,323,12OZ CAN DRY
5537.jpg,164,320,189,360,12OZ CAN DRY
5537.jpg,142,311,172,354,12OZ CAN DRY
5537.jpg,164,350,191,390,12OZ CAN DRY
5537.jpg,145,343,172,383,12OZ CAN DRY
5537.jpg,148,370,174,405,12OZ CAN DRY
5537.jpg,169,375,193,417,12OZ CAN DRY
5565.jpg,48,2,100,104,2L 7UP
5565.jpg,99,1,146,107,2L 7UP
5565.jpg,145,0,196,106,2L DT 7UP
5565.jpg,65,144,111,237,2L 7UP
5565.jpg,112,144,159,239,2L 7UP
5565.jpg,159,142,203,239,2L DT 7UP
5565.jpg,75,358,130,394,12OZ 7UP
5565.jpg,127,358,177,395,12OZ 7UP
5565.jpg,126,387,178,422,12OZ 7UP
5565.jpg,79,391,134,425,12OZ 7UP
5565.jpg,80,417,134,449,12OZ 7UP
5565.jpg,127,416,179,448,12OZ 7UP
5565.jpg,79,445,132,478,12OZ 7UP
5565.jpg,128,443,180,478,12OZ 7UP
5565.jpg,175,416,225,448,12OZ DT 7UP
5565.jpg,174,445,225,474,12OZ DT 7UP
5591.jpg,406,294,451,402,2L 7UP
5591.jpg,450,291,491,386,2L 7UP
5591.jpg,404,1,455,95,2L 7UP
5591.jpg,451,1,498,91,2L 7UP
5874.jpg,327,53,400,161,2L 7UP
5874.jpg,307,173,369,262,2L 7UP
5874.jpg,366,186,431,267,2L 7UP
5996.jpg,40,3,77,112,2L 7UP
5996.jpg,12,7,44,111,2L 7UP
6013.jpg,294,112,328,177,2L CAN DRY
6013.jpg,328,112,360,179,2L CAN DRY
6158.jpg,6,276,41,299,12OZ 7UP
6158.jpg,5,257,39,279,12OZ 7UP
6158.jpg,4,237,39,260,12OZ 7UP
6158.jpg,68,314,101,335,12OZ 7UP
6158.jpg,68,295,100,316,12OZ 7UP
6158.jpg,67,276,101,299,12OZ 7UP
6158.jpg,38,275,70,299,12OZ 7UP
6158.jpg,67,257,101,280,12OZ 7UP
6158.jpg,37,257,70,280,12OZ 7UP
6158.jpg,66,238,101,260,12OZ 7UP
6158.jpg,35,238,69,261,12OZ 7UP
6158.jpg,65,219,100,241,12OZ 7UP
6158.jpg,33,216,68,242,12OZ 7UP
6158.jpg,32,197,65,221,12OZ 7UP
6158.jpg,62,198,99,223,12OZ 7UP
6158.jpg,64,176,98,200,12OZ 7UP
6158.jpg,31,175,66,200,12OZ 7UP
6158.jpg,62,155,98,178,12OZ 7UP
6158.jpg,28,153,65,178,12OZ 7UP
6158.jpg,61,131,97,157,12OZ 7UP
6158.jpg,26,130,64,157,12OZ 7UP
6158.jpg,60,107,95,134,12OZ 7UP
6158.jpg,25,106,63,132,12OZ 7UP
6158.jpg,99,314,129,335,12OZ DT 7UP
6158.jpg,97,297,130,318,12OZ DT 7UP
6158.jpg,97,278,130,300,12OZ DT 7UP
6158.jpg,96,258,131,280,12OZ DT 7UP
6158.jpg,96,239,131,261,12OZ DT 7UP
6158.jpg,97,219,131,242,12OZ DT 7UP
6158.jpg,94,199,130,223,12OZ DT 7UP
6158.jpg,95,177,130,202,12OZ DT 7UP
6158.jpg,94,156,130,181,12OZ DT 7UP
6158.jpg,94,134,130,159,12OZ DT 7UP
6467.jpg,77,301,108,333,12OZ 7UP
6467.jpg,104,301,131,332,12OZ 7UP
6467.jpg,129,300,156,333,12OZ 7UP
6467.jpg,152,299,180,332,12OZ 7UP
6467.jpg,176,297,205,331,12OZ 7UP
6467.jpg,199,297,226,330,12OZ 7UP
6467.jpg,80,330,109,360,12OZ 7UP
6467.jpg,107,328,135,359,12OZ 7UP
6467.jpg,132,328,159,359,12OZ 7UP
6467.jpg,155,327,182,360,12OZ 7UP
6467.jpg,178,327,206,359,12OZ 7UP
6467.jpg,204,326,231,359,12OZ 7UP
6467.jpg,84,373,112,404,12OZ 7UP
6467.jpg,87,400,115,429,12OZ 7UP
6467.jpg,108,373,136,405,12OZ 7UP
6467.jpg,112,402,138,429,12OZ 7UP
6467.jpg,135,401,161,430,12OZ 7UP
6467.jpg,134,371,161,403,12OZ 7UP
6467.jpg,157,371,182,402,12OZ 7UP
6467.jpg,159,399,185,429,12OZ 7UP
6467.jpg,182,398,208,429,12OZ 7UP
6467.jpg,182,376,207,402,12OZ 7UP
6467.jpg,205,397,231,428,12OZ 7UP
6467.jpg,224,297,253,329,12OZ DT 7UP
6467.jpg,248,295,277,328,12OZ DT 7UP
6467.jpg,273,295,301,328,12OZ DT 7UP
6467.jpg,274,326,302,357,12OZ DT 7UP
6467.jpg,251,326,279,358,12OZ DT 7UP
6467.jpg,226,326,254,358,12OZ DT 7UP
6467.jpg,227,369,253,400,12OZ DT 7UP
6467.jpg,250,369,278,400,12OZ DT 7UP
6467.jpg,274,368,300,400,12OZ DT 7UP
6467.jpg,273,394,301,426,12OZ DT 7UP
6467.jpg,251,395,278,426,12OZ DT 7UP
6467.jpg,228,397,255,428,12OZ DT 7UP
6498.jpg,396,201,425,284,2L 7UP
6498.jpg,423,201,448,284,2L 7UP
6498.jpg,447,202,472,285,2L DT 7UP
6498.jpg,471,203,495,287,2L DT 7UP
6631.jpg,80,254,121,297,12OZ CAN DRY
6631.jpg,84,281,125,324,12OZ CAN DRY
6631.jpg,88,308,126,350,12OZ CAN DRY
6631.jpg,92,331,128,373,12OZ CAN DRY
6631.jpg,114,244,147,283,12OZ CAN DRY
6631.jpg,119,270,150,310,12OZ CAN DRY
6631.jpg,121,292,152,331,12OZ CAN DRY
6631.jpg,124,312,156,355,12OZ CAN DRY
6703.jpg,223,32,258,152,2L 7UP
6703.jpg,305,358,348,407,12OZ 7UP
6703.jpg,306,401,348,451,12OZ 7UP
6703.jpg,268,357,309,408,12OZ DT 7UP
6703.jpg,268,401,310,449,12OZ DT 7UP
6703.jpg,288,25,327,150,2L CAN DRY
6843.jpg,315,58,357,94,12OZ 7UP
6843.jpg,313,88,357,120,12OZ 7UP
6843.jpg,313,116,357,145,12OZ 7UP
6843.jpg,315,142,358,171,12OZ 7UP
6843.jpg,316,168,358,195,12OZ 7UP
6843.jpg,318,191,359,219,12OZ 7UP
6843.jpg,319,214,360,240,12OZ 7UP
6843.jpg,319,236,360,262,12OZ 7UP
6843.jpg,322,258,361,283,12OZ 7UP
6843.jpg,274,61,317,95,12OZ 7UP
6843.jpg,276,90,317,122,12OZ 7UP
6843.jpg,278,116,320,148,12OZ 7UP
6843.jpg,282,142,322,172,12OZ 7UP
6843.jpg,283,167,322,196,12OZ 7UP
6843.jpg,285,192,323,219,12OZ 7UP
6843.jpg,287,215,324,240,12OZ 7UP
6843.jpg,289,237,324,262,12OZ 7UP
6843.jpg,291,258,327,282,12OZ 7UP
6843.jpg,237,66,280,97,12OZ DT 7UP
6843.jpg,241,94,281,125,12OZ DT 7UP
6843.jpg,244,119,284,149,12OZ DT 7UP
6843.jpg,246,145,285,174,12OZ DT 7UP
6843.jpg,250,169,288,197,12OZ DT 7UP
6843.jpg,251,192,290,218,12OZ DT 7UP
6843.jpg,255,215,292,241,12OZ DT 7UP
6843.jpg,257,236,292,261,12OZ DT 7UP
6843.jpg,258,256,295,282,12OZ DT 7UP
6843.jpg,70,75,110,106,12OZ CAN DRY
6843.jpg,77,100,116,132,12OZ CAN DRY
6843.jpg,83,124,121,155,12OZ CAN DRY
6843.jpg,89,148,125,176,12OZ CAN DRY
6843.jpg,92,171,130,199,12OZ CAN DRY
6843.jpg,99,193,136,219,12OZ CAN DRY
6843.jpg,104,214,142,240,12OZ CAN DRY
6843.jpg,110,235,146,259,12OZ CAN DRY
6843.jpg,114,255,150,278,12OZ CAN DRY
6915.jpg,48,92,97,126,12OZ 7UP
6915.jpg,93,94,137,127,12OZ 7UP
6915.jpg,93,123,139,155,12OZ 7UP
6915.jpg,53,122,99,154,12OZ 7UP
6915.jpg,50,162,98,194,12OZ 7UP
6915.jpg,55,191,101,223,12OZ 7UP
6915.jpg,57,237,102,269,12OZ 7UP
6915.jpg,58,265,102,294,12OZ 7UP
6915.jpg,68,346,110,376,12OZ 7UP
6915.jpg,60,406,104,437,12OZ 7UP
6915.jpg,61,434,104,462,12OZ 7UP
6915.jpg,134,93,179,128,12OZ DT 7UP
6915.jpg,134,126,181,156,12OZ DT 7UP
6915.jpg,140,165,184,197,12OZ DT 7UP
6915.jpg,142,192,184,223,12OZ DT 7UP
6915.jpg,139,240,182,271,12OZ DT 7UP
6915.jpg,138,267,180,297,12OZ DT 7UP
6915.jpg,144,320,186,349,12OZ DT 7UP
6915.jpg,146,346,186,375,12OZ DT 7UP
6915.jpg,140,407,182,438,12OZ DT 7UP
6915.jpg,140,435,182,462,12OZ DT 7UP
6919.jpg,130,1,183,107,2L CAN DRY
6919.jpg,83,1,138,108,2L CAN DRY
6919.jpg,43,0,96,109,2L CAN DRY
6995.jpg,14,0,73,157,2L DT 7UP
6995.jpg,69,1,123,159,2L DT 7UP
6995.jpg,24,368,90,457,12OZ 7UP
6995.jpg,84,354,144,437,12OZ 7UP
6995.jpg,83,413,142,493,12OZ 7UP
7034.jpg,383,61,488,137,12OZ CAN DRY
7034.jpg,364,135,498,226,12OZ CAN DRY
7034.jpg,359,220,488,300,12OZ CAN DRY
7034.jpg,358,289,478,366,12OZ CAN DRY
7034.jpg,355,351,468,424,12OZ CAN DRY
7034.jpg,179,136,274,209,12OZ 7UP
7034.jpg,161,211,267,286,12OZ 7UP
7034.jpg,165,277,267,348,12OZ 7UP
7034.jpg,162,339,264,404,12OZ 7UP
7040.jpg,56,75,86,127,2L 7UP
7040.jpg,85,77,116,127,2L 7UP
7040.jpg,59,135,90,181,2L 7UP
7040.jpg,90,134,118,180,2L 7UP
7040.jpg,92,195,119,231,2L 7UP
7040.jpg,65,193,92,233,2L 7UP
7040.jpg,37,192,65,235,2L 7UP
7040.jpg,6,192,37,235,2L 7UP
7111.jpg,48,116,99,168,12OZ CAN DRY
7111.jpg,52,161,104,208,12OZ CAN DRY
7111.jpg,59,201,108,244,12OZ CAN DRY
7111.jpg,68,237,117,278,12OZ CAN DRY
7111.jpg,12,166,65,214,12OZ CAN DRY
7111.jpg,24,206,73,249,12OZ CAN DRY
7111.jpg,35,241,82,282,12OZ CAN DRY
7111.jpg,2,245,47,285,12OZ CAN DRY
7356.jpg,358,356,476,449,12OZ 7UP
7409.jpg,230,98,324,130,12OZ 7UP
7409.jpg,230,124,324,156,12OZ 7UP
7409.jpg,274,152,353,188,12OZ CAN DRY
7409.jpg,277,176,353,215,12OZ CAN DRY
7409.jpg,280,201,354,241,12OZ CAN DRY
7409.jpg,288,9,363,54,12OZ DT 7UP
7409.jpg,290,39,363,78,12OZ DT 7UP
7409.jpg,290,68,360,101,12OZ DT 7UP
7439.jpg,56,340,102,371,12OZ 7UP
7439.jpg,97,342,145,371,12OZ 7UP
7439.jpg,56,367,102,396,12OZ 7UP
7439.jpg,97,368,145,396,12OZ 7UP
7439.jpg,100,391,146,418,12OZ 7UP
7439.jpg,61,391,104,418,12OZ 7UP
7439.jpg,140,341,185,371,12OZ DT 7UP
7439.jpg,140,367,185,395,12OZ DT 7UP
7439.jpg,141,391,185,418,12OZ DT 7UP
7439.jpg,302,340,348,370,12OZ CAN DRY
7439.jpg,342,341,388,371,12OZ CAN DRY
7439.jpg,300,368,344,392,12OZ CAN DRY
7439.jpg,338,367,384,394,12OZ CAN DRY
7439.jpg,297,390,341,416,12OZ CAN DRY
7439.jpg,337,389,381,417,12OZ CAN DRY
7439.jpg,94,259,132,330,2L DT 7UP
7439.jpg,131,259,165,331,2L DT 7UP
7439.jpg,164,260,199,330,2L DT 7UP
7439.jpg,45,169,87,251,2L 7UP
7439.jpg,87,171,126,250,2L 7UP
7439.jpg,125,172,161,251,2L 7UP
7439.jpg,161,174,199,251,2L 7UP
7439.jpg,308,179,346,255,2L CAN DRY
7454.jpg,4,430,124,486,12OZ 7UP
7454.jpg,118,423,233,479,12OZ 7UP
7454.jpg,228,421,269,471,12OZ 7UP
7454.jpg,264,418,305,470,12OZ 7UP
7454.jpg,298,414,408,468,12OZ 7UP
7454.jpg,400,412,499,464,12OZ 7UP
7496.jpg,122,94,211,134,12OZ 7UP
7496.jpg,117,132,211,169,12OZ 7UP
7496.jpg,206,134,290,171,12OZ 7UP
7496.jpg,204,100,291,137,12OZ 7UP
7496.jpg,286,103,367,142,12OZ DT 7UP
7496.jpg,287,136,370,174,12OZ DT 7UP
7523.jpg,30,353,78,488,2L 7UP
7523.jpg,70,354,119,491,2L 7UP
7523.jpg,112,353,154,489,2L 7UP
7523.jpg,154,354,194,490,2L CAN DRY
7523.jpg,192,386,234,494,2L CAN DRY
7523.jpg,230,386,274,494,2L CAN DRY
7540.jpg,137,42,323,97,12OZ 7UP
7540.jpg,0,48,141,99,12OZ 7UP
7540.jpg,133,0,324,51,12OZ 7UP
7540.jpg,0,2,142,54,12OZ 7UP
7540.jpg,317,34,500,93,12OZ DT 7UP
7540.jpg,317,1,500,47,12OZ DT 7UP
7540.jpg,45,418,188,456,12OZ CAN DRY
7540.jpg,182,421,329,456,12OZ CAN DRY
7540.jpg,181,449,327,485,12OZ CAN DRY
7540.jpg,49,446,189,483,12OZ CAN DRY
7557.jpg,28,89,104,171,12OZ CAN DRY
7557.jpg,92,79,160,158,12OZ CAN DRY
7557.jpg,44,154,113,224,12OZ CAN DRY
7557.jpg,102,142,163,205,12OZ CAN DRY
7557.jpg,62,264,126,324,12OZ CAN DRY
7557.jpg,115,249,174,308,12OZ CAN DRY
7557.jpg,78,310,137,368,12OZ CAN DRY
7557.jpg,127,292,180,342,12OZ CAN DRY
7594.jpg,267,88,392,124,12OZ 7UP
7619.jpg,62,78,180,112,12OZ 7UP
7619.jpg,63,109,183,139,12OZ 7UP
7619.jpg,179,106,298,140,12OZ 7UP
7619.jpg,177,76,300,110,12OZ 7UP
7619.jpg,297,74,420,110,12OZ DT 7UP
7619.jpg,296,104,418,138,12OZ DT 7UP
7619.jpg,101,357,201,384,12OZ CAN DRY
7619.jpg,102,378,202,403,12OZ CAN DRY
7619.jpg,199,378,300,405,12OZ CAN DRY
7619.jpg,198,358,301,382,12OZ CAN DRY
7729.jpg,193,339,275,373,12OZ CAN DRY
7729.jpg,194,359,278,391,12OZ CAN DRY
7729.jpg,196,377,277,411,12OZ CAN DRY
7729.jpg,274,388,366,426,12OZ CAN DRY
7729.jpg,272,373,364,406,12OZ CAN DRY
7729.jpg,274,346,366,384,12OZ CAN DRY
7729.jpg,364,358,471,399,12OZ CAN DRY
7729.jpg,361,380,470,423,12OZ CAN DRY
7729.jpg,362,400,469,445,12OZ CAN DRY
7729.jpg,366,72,488,114,12OZ DT 7UP
7729.jpg,366,99,488,139,12OZ DT 7UP
7729.jpg,266,82,372,121,12OZ DT 7UP
7729.jpg,267,108,371,144,12OZ DT 7UP
7729.jpg,180,93,271,128,12OZ DT 7UP
7729.jpg,182,118,273,152,12OZ DT 7UP
